group_size,repetition,members,reference_pmv,reference_mean,reference_median,reference_threshold_cov,reference_atkinson_0.0,reference_atkinson_0.5,reference_atkinson_1.0,reference_atkinson_2.0,reference_atkinson_inf
3,0,119;33;78,25.4,24.667,25.0,24.1,25.0,25.0,25.0,25.0,24.5
3,1,97;7;54,25.4,24.667,25.0,24.4,25.0,25.0,25.0,25.0,24.5
3,2,33;53;48,25.4,25.0,25.0,24.8,25.0,25.0,25.0,25.0,25.0
3,3,15;48;78,25.1,25.333,25.0,26.8,25.0,25.0,25.0,25.0,25.5
3,4,78;123;55,25.4,25.0,25.0,24.8,25.0,25.0,25.0,25.0,25.0
3,5,43;65;15,25.6,25.0,25.0,23.6,25.0,25.0,25.0,25.0,25.0
3,6,18;41;7,25.7,21.667,22.0,21.7,22.0,22.0,22.0,21.8,21.5
3,7,15;104;90,25.5,24.333,24.0,25.1,24.0,24.0,24.0,24.0,24.5
3,8,15;103;33,25.3,24.667,25.0,24.1,25.0,25.0,25.0,25.0,24.5
3,9,18;87;113,25.7,23.333,25.0,23.1,25.7,23.9,23.2,22.8,22.5
3,10,71;84;43,25.6,23.333,23.0,23.3,23.0,23.0,23.0,23.2,23.5
3,11,51;90;80,25.8,23.0,23.0,23.2,23.0,23.0,23.0,23.0,23.0
3,12,51;68;108,26.0,25.0,25.0,27.0,25.0,25.0,25.0,25.0,25.0
3,13,51;53;108,25.7,24.0,24.0,22.5,24.0,24.0,24.0,24.0,24.0
3,14,26;126;110,25.3,23.333,24.0,25.0,24.0,24.0,24.0,23.9,23.0
3,15,39;23;68,25.5,25.0,25.0,24.8,25.0,25.0,25.0,25.0,25.0
3,16,30;76;110,25.4,24.333,25.0,24.8,25.0,25.0,25.0,24.5,24.0
3,17,41;39;40,25.4,23.667,24.0,24.8,24.0,24.0,24.0,24.0,23.5
3,18,12;43;73,25.9,24.333,24.0,25.1,24.0,24.0,24.0,24.0,24.5
3,19,94;62;81,25.4,24.667,25.0,23.4,25.0,25.0,25.0,24.6,24.5
3,20,24;116;34,25.6,24.333,25.0,23.6,25.0,25.0,25.0,24.9,24.0
3,21,84;15;44,25.6,22.0,21.0,22.8,21.0,21.0,21.0,21.7,22.5
3,22,90;67;72,25.7,22.667,23.0,22.7,23.0,23.0,23.0,22.8,22.5
3,23,39;123;99,25.7,24.333,24.0,26.4,24.0,24.0,24.0,24.0,24.5
3,24,37;98;55,25.3,24.667,24.0,23.0,24.0,24.0,24.0,24.1,25.0
3,25,113;39;24,25.4,25.333,25.0,27.9,25.0,25.0,25.0,25.0,25.5
3,26,58;18;20,25.9,22.333,23.0,22.0,23.0,23.0,22.7,22.2,22.0
3,27,53;7;110,25.0,23.0,23.0,22.9,23.0,23.0,23.0,23.0,23.0
3,28,75;34;65,25.9,24.333,25.0,22.8,25.0,25.0,25.0,24.9,24.0
3,29,53;83;108,25.7,23.333,23.0,22.3,23.0,23.0,23.0,23.0,23.5
3,30,67;110;39,25.4,22.333,22.0,22.6,22.0,22.0,22.0,22.2,22.5
3,31,103;23;19,25.5,24.333,24.0,26.4,24.0,24.0,24.0,24.0,24.5
3,32,82;34;112,25.7,24.0,24.0,23.2,24.0,24.0,24.0,24.0,24.0
3,33,67;116;108,25.9,23.333,25.0,22.2,25.0,24.6,23.7,23.1,22.5
3,34,50;53;46,25.4,24.667,24.0,24.6,24.0,24.0,24.0,24.5,25.0
3,35,80;19;97,25.7,23.667,24.0,23.1,24.0,24.0,24.0,24.0,23.5
3,36,37;34;80,25.3,23.0,23.0,23.2,23.0,23.0,23.0,23.0,23.0
3,37,84;76;80,25.7,23.0,22.0,23.9,22.0,22.0,22.5,23.1,23.5
3,38,84;75;34,25.9,23.0,23.0,23.4,23.0,23.0,23.0,23.0,23.0
3,39,41;81;55,25.7,23.0,22.0,23.7,22.0,22.0,22.5,23.1,23.5
3,40,15;46;58,25.4,24.667,24.0,24.2,24.0,24.0,24.0,24.5,25.0
3,41,58;113;68,26.0,25.0,26.0,23.0,26.0,26.0,26.0,25.3,24.5
3,42,126;82;122,25.8,23.667,24.0,22.6,24.0,24.0,24.0,24.0,23.5
3,43,76;90;71,25.7,24.0,23.0,24.7,23.0,23.0,23.0,23.7,24.5
3,44,30;7;43,25.4,25.0,25.0,24.8,25.0,25.0,25.0,25.0,25.0
3,45,7;126;112,25.0,24.0,24.0,25.8,24.0,24.0,24.0,24.0,24.0
3,46,7;53;48,25.1,24.667,24.0,24.6,24.0,24.0,24.0,24.5,25.0
3,47,71;37;104,25.1,24.333,24.0,25.6,24.0,24.0,24.0,24.0,24.5
3,48,40;113;122,25.7,24.0,24.0,23.5,24.0,24.0,24.0,24.0,24.0
3,49,20;57;89,25.9,24.333,25.0,22.8,25.0,25.0,25.0,24.9,24.0
3,50,7;33;61,25.3,25.0,25.0,26.4,25.0,25.0,25.0,25.0,25.0
3,51,110;65;81,25.6,22.667,22.0,22.7,22.0,22.0,22.0,22.5,23.0
3,52,62;84;76,25.7,24.0,25.0,23.3,25.0,25.0,24.5,23.9,23.5
3,53,14;19;39,25.4,24.0,24.0,24.0,24.0,24.0,24.0,24.0,24.0
3,54,58;55;103,25.4,24.667,25.0,24.4,25.0,25.0,25.0,25.0,24.5
3,55,113;82;108,26.0,25.333,25.0,27.9,25.0,25.0,25.0,25.0,25.5
3,56,55;57;62,25.4,24.667,25.0,24.6,25.0,25.0,25.0,25.0,24.5
3,57,48;104;68,25.5,26.333,26.0,28.5,26.0,26.0,26.0,26.0,26.5
3,58,108;110;113,25.7,24.333,25.0,24.5,25.0,25.0,25.0,24.5,24.0
3,59,50;57;23,25.7,23.667,24.0,24.0,24.0,24.0,24.0,24.0,23.5
3,60,116;44;78,25.6,23.667,25.0,23.3,25.0,25.0,24.3,23.7,23.0
3,61,33;14;119,25.4,24.0,24.0,23.2,24.0,24.0,24.0,24.0,24.0
3,62,123;71;34,25.7,23.333,23.0,21.3,23.0,23.0,23.0,23.0,23.5
3,63,57;40;33,25.6,24.0,24.0,24.0,24.0,24.0,24.0,24.0,24.0
3,64,116;73;71,25.6,23.667,23.0,25.4,23.0,23.0,23.0,23.1,24.0
3,65,43;15;54,25.3,25.0,25.0,26.1,25.0,25.0,25.0,25.0,25.0
3,66,113;50;26,25.9,24.667,24.0,25.3,24.0,24.0,24.0,24.1,25.0
3,67,54;80;57,25.4,23.333,23.0,23.9,23.0,23.0,23.0,23.0,23.5
3,68,58;119;51,25.7,23.667,24.0,21.2,24.0,24.0,24.0,24.0,23.5
3,69,41;34;62,25.6,23.333,23.0,22.0,23.0,23.0,23.0,23.0,23.5
3,70,89;78;75,25.7,25.0,25.0,22.6,25.0,25.0,25.0,25.0,25.0
3,71,90;12;30,25.8,24.0,24.0,24.0,24.0,24.0,24.0,24.0,24.0
3,72,39;119;61,25.1,25.0,25.0,24.8,25.0,25.0,25.0,25.0,25.0
3,73,75;83;19,26.0,23.667,24.0,22.0,24.0,24.0,24.0,24.0,23.5
3,74,116;37;20,25.6,24.667,25.0,24.4,25.0,25.0,25.0,25.0,24.5
3,75,7;43;15,25.3,24.667,24.0,23.8,24.0,24.0,24.0,24.1,25.0
3,76,126;14;46,25.1,24.667,24.0,24.6,24.0,24.0,24.0,24.5,25.0
3,77,24;108;83,25.7,24.0,25.0,24.6,25.0,25.0,25.0,24.3,23.5
3,78,61;72;83,25.4,24.333,25.0,23.2,25.0,25.0,25.0,24.5,24.0
3,79,123;53;58,25.7,23.333,23.0,21.3,23.0,23.0,23.0,23.0,23.5
3,80,87;37;19,25.4,24.333,24.0,26.4,24.0,24.0,24.0,24.0,24.5
3,81,46;99;15,25.4,25.0,24.0,26.0,24.0,24.0,24.0,24.7,25.5
3,82,87;104;43,25.4,25.667,26.0,26.7,26.0,26.0,26.0,26.0,25.5
3,83,33;103;72,25.3,25.0,25.0,22.6,25.0,25.0,25.0,25.0,25.0
3,84,34;103;41,25.6,23.333,23.0,22.4,23.0,23.0,23.0,23.0,23.5
3,85,116;68;58,25.9,24.667,25.0,23.5,25.0,25.0,25.0,25.0,24.5
3,86,103;72;19,25.4,24.667,25.0,23.3,25.0,25.0,25.0,25.0,24.5
3,87,39;119;37,25.1,24.333,24.0,26.4,24.0,24.0,24.0,24.0,24.5
3,88,34;90;68,26.0,24.0,23.0,26.0,23.0,23.0,23.0,23.7,24.5
3,89,34;122;90,26.0,22.667,23.0,21.1,23.0,23.0,23.0,23.0,22.5
3,90,75;54;113,25.7,25.333,25.0,24.6,25.0,25.0,25.0,25.0,25.5
3,91,12;90;103,25.7,24.0,24.0,22.5,24.0,24.0,24.0,24.0,24.0
3,92,51;110;98,25.6,23.333,24.0,24.5,24.0,24.0,24.0,23.9,23.0
3,93,72;73;14,25.4,23.667,23.0,25.4,23.0,23.0,23.0,23.1,24.0
3,94,51;112;98,25.6,24.0,24.0,25.8,24.0,24.0,24.0,24.0,24.0
3,95,15;75;39,25.4,24.667,25.0,24.1,25.0,25.0,25.0,25.0,24.5
3,96,61;103;123,25.4,25.0,25.0,23.6,25.0,25.0,25.0,25.0,25.0
3,97,75;87;43,25.6,25.333,25.0,24.6,25.0,25.0,25.0,25.0,25.5
3,98,34;72;57,25.6,23.667,23.0,24.7,23.0,23.0,23.0,23.1,24.0
3,99,50;103;80,25.4,23.667,24.0,22.6,24.0,24.0,24.0,24.0,23.5
3,100,94;58;39,25.4,25.333,25.0,25.4,25.0,25.0,25.0,25.2,25.5
3,101,98;20;113,25.9,25.0,25.0,26.4,25.0,25.0,25.0,25.0,25.0
3,102,122;39;103,25.5,24.0,25.0,23.2,25.0,25.0,25.0,24.3,23.5
3,103,19;61;122,25.8,24.0,24.0,23.5,24.0,24.0,24.0,24.0,24.0
3,104,116;119;67,25.7,23.0,24.0,22.3,24.0,24.0,23.5,22.9,22.5
3,105,72;48;84,25.4,24.333,25.0,24.0,25.0,25.0,24.7,24.2,24.0
3,106,78;43;39,25.4,25.333,25.0,25.7,25.0,25.0,25.0,25.0,25.5
3,107,51;23;76,25.7,24.667,24.0,23.0,24.0,24.0,24.0,24.1,25.0
3,108,58;55;97,25.7,24.667,25.0,24.4,25.0,25.0,25.0,25.0,24.5
3,109,33;43;58,25.9,24.667,25.0,23.5,25.0,25.0,25.0,25.0,24.5
3,110,65;80;12,25.6,23.667,24.0,22.0,24.0,24.0,24.0,24.0,23.5
3,111,57;113;53,25.7,24.0,23.0,24.9,23.0,23.0,23.0,23.7,24.5
3,112,23;51;33,25.7,24.333,24.0,27.0,24.0,24.0,24.0,24.0,24.5
3,113,73;53;123,25.7,23.333,23.0,22.3,23.0,23.0,23.0,23.0,23.5
3,114,57;73;119,25.7,23.333,23.0,22.3,23.0,23.0,23.0,23.0,23.5
3,115,44;19;33,25.9,23.333,24.0,24.0,24.0,24.0,24.0,23.5,23.0
3,116,43;73;89,25.9,24.667,25.0,24.6,25.0,25.0,25.0,25.0,24.5
3,117,12;68;84,25.9,23.667,24.0,23.8,24.0,24.0,24.0,23.8,23.5
3,118,15;30;26,25.3,24.333,24.0,24.6,24.0,24.0,24.0,24.0,24.5
3,119,75;83;40,25.7,23.667,24.0,22.0,24.0,24.0,24.0,24.0,23.5
3,120,62;110;48,25.1,24.667,25.0,24.1,25.0,25.0,25.0,24.8,24.5
3,121,71;72;33,25.3,24.333,25.0,25.8,25.0,25.0,25.0,24.9,24.0
3,122,67;112;123,25.7,22.667,24.0,22.2,24.0,24.0,23.3,22.7,22.0
3,123,110;7;90,25.4,23.0,23.0,22.5,23.0,23.0,23.0,23.0,23.0
3,124,112;67;76,25.7,23.333,24.0,23.0,24.0,24.0,23.7,23.2,23.0
3,125,94;18;48,25.4,24.667,27.0,27.9,27.1,27.5,23.9,23.6,23.5
3,126,98;123;72,25.7,24.333,24.0,27.0,24.0,24.0,24.0,24.0,24.5
3,127,78;58;30,25.5,24.333,25.0,22.8,25.0,25.0,25.0,24.9,24.0
3,128,54;18;53,25.4,22.333,23.0,22.0,23.0,23.0,22.7,22.2,22.0
3,129,30;112;50,25.4,24.333,24.0,26.4,24.0,24.0,24.0,24.0,24.5
3,130,50;87;61,25.4,25.0,25.0,26.4,25.0,25.0,25.0,25.0,25.0
3,131,72;123;90,25.8,24.0,24.0,23.7,24.0,24.0,24.0,24.0,24.0
3,132,126;75;90,25.7,24.0,24.0,24.0,24.0,24.0,24.0,24.0,24.0
3,133,68;57;90,26.0,24.0,23.0,24.7,23.0,23.0,23.0,23.7,24.5
3,134,58;34;30,25.7,23.667,23.0,25.0,23.0,23.0,23.0,23.1,24.0
3,135,46;89;40,25.3,25.333,25.0,24.1,25.0,25.0,25.0,25.0,25.5
3,136,81;89;23,25.7,23.333,24.0,22.7,24.0,24.0,24.0,23.5,23.0
3,137,72;43;33,25.6,25.333,25.0,25.7,25.0,25.0,25.0,25.0,25.5
3,138,62;33;81,25.7,23.667,25.0,22.3,25.0,25.0,24.3,23.7,23.0
3,139,33;53;82,25.7,24.333,25.0,22.8,25.0,25.0,25.0,24.9,24.0
3,140,90;41;73,26.0,22.667,23.0,21.1,23.0,23.0,23.0,23.0,22.5
3,141,20;126;50,25.7,24.333,24.0,26.4,24.0,24.0,24.0,24.0,24.5
3,142,68;30;72,25.4,25.333,25.0,27.9,25.0,25.0,25.0,25.0,25.5
3,143,104;23;83,25.5,24.0,24.0,23.1,24.0,24.0,24.0,24.0,24.0
3,144,14;82;65,25.7,24.333,25.0,25.8,25.0,25.0,25.0,24.9,24.0
3,145,23;41;37,25.4,23.333,24.0,24.5,24.0,24.0,24.0,23.9,23.0
3,146,84;78;119,25.4,23.333,24.0,22.7,24.0,24.0,24.0,23.5,23.0
3,147,108;20;34,25.9,24.333,25.0,23.6,25.0,25.0,25.0,24.9,24.0
3,148,51;20;7,25.7,24.333,24.0,24.6,24.0,24.0,24.0,24.0,24.5
3,149,94;20;87,25.3,26.0,25.0,25.5,25.0,25.0,25.0,25.7,26.5
3,150,112;97;33,25.6,24.667,25.0,24.1,25.0,25.0,25.0,25.0,24.5
3,151,57;33;41,25.9,23.333,23.0,22.4,23.0,23.0,23.0,23.0,23.5
3,152,46;82;30,25.5,25.667,25.0,24.1,25.0,25.0,25.0,25.1,26.0
3,153,80;98;78,25.3,23.667,24.0,23.1,24.0,24.0,24.0,24.0,23.5
3,154,15;97;7,25.4,24.333,24.0,24.6,24.0,24.0,24.0,24.0,24.5
3,155,51;76;53,25.7,24.333,24.0,25.1,24.0,24.0,24.0,24.0,24.5
3,156,50;67;94,25.7,24.0,24.0,21.4,24.0,24.0,24.0,24.0,24.0
3,157,44;33;113,25.9,24.0,25.0,24.0,25.0,25.0,24.5,23.9,23.5
3,158,87;18;73,25.7,22.333,23.0,22.0,23.0,23.0,22.7,22.2,22.0
3,159,15;67;20,25.6,23.0,24.0,22.0,24.0,24.0,23.5,22.9,22.5
3,160,108;84;71,25.7,23.0,23.0,22.6,23.0,23.0,23.0,23.0,23.0
3,161,94;68;75,25.7,26.333,26.0,25.4,26.0,26.0,26.0,26.0,26.5
3,162,30;62;75,25.4,25.0,25.0,22.6,25.0,25.0,25.0,25.0,25.0
3,163,65;116;33,25.8,25.0,25.0,22.6,25.0,25.0,25.0,25.0,25.0
3,164,7;51;83,25.7,23.333,24.0,25.0,24.0,24.0,24.0,23.9,23.0
3,165,43;34;7,25.6,24.333,24.0,25.0,24.0,24.0,24.0,24.0,24.5
3,166,15;43;108,25.6,25.0,25.0,27.0,25.0,25.0,25.0,25.0,25.0
3,167,89;81;126,25.7,23.333,24.0,23.1,24.0,24.0,24.0,23.5,23.0
3,168,50;18;98,25.9,22.333,24.0,21.8,24.0,23.6,22.7,22.1,21.5
3,169,23;24;51,25.4,24.333,24.0,24.6,24.0,24.0,24.0,24.0,24.5
3,170,126;122;50,25.8,23.333,24.0,24.5,24.0,24.0,24.0,23.9,23.0
3,171,80;75;18,25.7,22.0,22.0,22.0,22.0,22.0,22.0,22.0,22.0
3,172,48;108;37,25.4,25.333,25.0,24.1,25.0,25.0,25.0,25.0,25.5
3,173,20;19;103,25.7,24.667,25.0,24.4,25.0,25.0,25.0,25.0,24.5
3,174,94;108;82,25.7,26.0,25.0,25.5,25.0,25.0,25.0,25.7,26.5
3,175,75;55;81,25.7,24.0,25.0,23.6,25.0,25.0,24.5,23.9,23.5
3,176,78;81;51,25.7,23.333,24.0,23.1,24.0,24.0,24.0,23.5,23.0
3,177,44;97;72,25.6,23.667,25.0,23.4,25.0,25.0,24.3,23.7,23.0
3,178,122;12;26,25.9,23.333,24.0,21.7,24.0,24.0,24.0,23.9,23.0
3,179,33;23;110,25.3,23.667,24.0,22.3,24.0,24.0,24.0,24.0,23.5
3,180,30;14;76,25.5,24.667,25.0,25.1,25.0,25.0,25.0,25.0,24.5
3,181,14;73;68,25.7,24.0,23.0,26.0,23.0,23.0,23.0,23.7,24.5
3,182,19;65;90,26.0,24.0,24.0,24.0,24.0,24.0,24.0,24.0,24.0
3,183,122;94;110,25.4,24.0,22.0,25.0,22.0,23.2,24.0,24.5,25.0
3,184,7;75;54,25.4,24.667,25.0,24.1,25.0,25.0,25.0,25.0,24.5
3,185,15;39;48,25.1,25.333,25.0,24.6,25.0,25.0,25.0,25.0,25.5
3,186,80;113;99,25.7,24.0,24.0,23.4,24.0,24.0,24.0,24.0,24.0
3,187,7;126;94,25.0,25.333,24.0,25.3,24.0,24.0,24.7,25.3,26.0
3,188,41;46;20,25.6,24.667,25.0,24.4,25.0,25.0,25.0,24.8,24.5
3,189,75;104;80,25.4,24.333,25.0,24.8,25.0,25.0,25.0,24.5,24.0
3,190,14;75;83,25.7,23.333,23.0,22.4,23.0,23.0,23.0,23.0,23.5
3,191,89;14;62,25.4,24.333,25.0,22.8,25.0,25.0,25.0,24.9,24.0
3,192,119;108;84,25.7,23.333,24.0,22.6,24.0,24.0,24.0,23.5,23.0
3,193,30;83;40,25.4,23.667,24.0,22.0,24.0,24.0,24.0,24.0,23.5
3,194,61;126;67,25.4,23.333,24.0,23.0,24.0,24.0,23.7,23.2,23.0
3,195,33;24;20,25.5,25.0,25.0,22.6,25.0,25.0,25.0,25.0,25.0
3,196,62;46;30,25.1,25.667,25.0,26.9,25.0,25.0,25.0,25.1,26.0
3,197,53;103;83,25.4,23.333,23.0,22.4,23.0,23.0,23.0,23.0,23.5
3,198,97;73;54,25.7,24.333,25.0,22.8,25.0,25.0,25.0,24.9,24.0
3,199,41;99;33,25.9,23.667,24.0,23.1,24.0,24.0,24.0,24.0,23.5
3,200,12;78;58,25.7,24.0,24.0,24.0,24.0,24.0,24.0,24.0,24.0
3,201,15;123;67,25.7,22.667,24.0,22.6,24.0,24.0,23.3,22.7,22.0
3,202,24;26;61,25.3,25.0,25.0,24.8,25.0,25.0,25.0,25.0,25.0
3,203,71;39;90,25.5,23.667,23.0,24.7,23.0,23.0,23.0,23.1,24.0
3,204,15;84;53,25.3,22.667,23.0,23.2,23.0,23.0,23.0,23.0,22.5
3,205,43;68;83,26.0,24.667,26.0,23.6,26.0,26.0,25.3,24.7,24.0
3,206,122;51;108,26.0,23.667,24.0,23.1,24.0,24.0,24.0,24.0,23.5
3,207,65;108;75,25.9,25.0,25.0,22.6,25.0,25.0,25.0,25.0,25.0
3,208,14;97;48,25.5,25.0,25.0,24.1,25.0,25.0,25.0,25.0,25.0
3,209,24;123;83,25.7,23.667,24.0,22.3,24.0,24.0,24.0,24.0,23.5
3,210,126;94;50,25.4,25.333,24.0,26.1,24.0,24.0,24.7,25.3,26.0
3,211,78;123;82,25.8,24.667,25.0,24.4,25.0,25.0,25.0,25.0,24.5
3,212,126;75;14,25.4,24.0,24.0,24.0,24.0,24.0,24.0,24.0,24.0
3,213,61;98;58,25.7,24.333,24.0,24.4,24.0,24.0,24.0,24.0,24.5
3,214,58;34;108,25.9,23.667,23.0,25.0,23.0,23.0,23.0,23.1,24.0
3,215,61;40;112,25.0,24.667,24.0,25.3,24.0,24.0,24.0,24.1,25.0
3,216,104;51;46,25.4,25.667,26.0,26.7,26.0,26.0,26.0,26.0,25.5
3,217,72;89;122,25.7,24.0,25.0,24.6,25.0,25.0,25.0,24.3,23.5
3,218,7;94;44,25.3,24.333,24.0,25.3,24.0,24.0,24.0,24.4,24.5
3,219,78;20;55,25.4,25.333,25.0,24.6,25.0,25.0,25.0,25.0,25.5
3,220,40;80;18,25.4,21.667,22.0,21.6,22.0,22.0,22.0,21.8,21.5
3,221,15;110;51,25.4,23.333,24.0,24.5,24.0,24.0,24.0,23.9,23.0
3,222,65;80;123,25.7,23.667,24.0,22.0,24.0,24.0,24.0,24.0,23.5
3,223,57;116;62,25.6,24.333,25.0,25.8,25.0,25.0,25.0,24.9,24.0
3,224,26;44;68,25.9,23.667,24.0,23.3,24.0,24.0,24.0,23.8,23.5
3,225,116;75;34,25.9,24.333,25.0,23.6,25.0,25.0,25.0,24.9,24.0
3,226,112;15;90,25.4,23.667,24.0,25.0,24.0,24.0,24.0,24.0,23.5
3,227,97;116;82,26.0,25.0,25.0,22.6,25.0,25.0,25.0,25.0,25.0
3,228,110;76;122,25.7,23.333,22.0,24.7,22.0,22.0,22.7,23.3,24.0
3,229,98;24;15,25.3,24.333,24.0,24.6,24.0,24.0,24.0,24.0,24.5
3,230,15;71;24,25.0,24.0,24.0,22.5,24.0,24.0,24.0,24.0,24.0
3,231,90;19;68,26.0,24.333,24.0,25.6,24.0,24.0,24.0,24.0,24.5
3,232,123;98;44,25.9,23.0,24.0,21.6,24.0,24.0,24.0,23.3,22.5
3,233,99;84;97,26.0,23.333,24.0,23.9,24.0,24.0,24.0,23.5,23.0
3,234,72;119;58,25.4,24.0,24.0,23.7,24.0,24.0,24.0,24.0,24.0
3,235,94;46;40,25.0,26.333,27.0,26.7,27.0,27.0,27.0,26.5,26.0
3,236,48;67;57,25.7,23.333,23.0,21.0,23.0,23.0,23.0,23.4,23.5
3,237,15;83;122,25.7,22.667,22.0,22.1,22.0,22.0,22.0,22.1,23.0
3,238,83;26;67,25.9,22.0,22.0,22.3,22.0,22.0,22.0,22.0,22.0
3,239,80;48;104,25.1,25.0,26.0,24.0,26.0,26.0,25.5,24.9,24.5
3,240,20;12;104,25.6,25.0,25.0,24.8,25.0,25.0,25.0,25.0,25.0
3,241,78;68;55,25.4,25.667,26.0,26.7,26.0,26.0,26.0,26.0,25.5
3,242,39;104;73,25.4,24.667,25.0,23.5,25.0,25.0,25.0,25.0,24.5
3,243,57;97;116,25.9,24.333,25.0,25.8,25.0,25.0,25.0,24.9,24.0
3,244,30;94;122,25.5,25.0,25.0,25.0,25.0,25.0,25.0,25.0,25.0
3,245,73;24;14,25.4,23.667,23.0,24.7,23.0,23.0,23.0,23.1,24.0
3,246,61;7;87,25.0,25.0,25.0,26.1,25.0,25.0,25.0,25.0,25.0
3,247,34;81;83,26.0,22.0,22.0,21.2,22.0,22.0,22.0,22.0,22.0
3,248,14;15;40,25.0,23.667,24.0,21.2,24.0,24.0,24.0,24.0,23.5
3,249,50;110;116,25.6,23.667,24.0,22.3,24.0,24.0,24.0,24.0,23.5
3,250,7;75;19,25.7,24.333,24.0,24.6,24.0,24.0,24.0,24.0,24.5
3,251,75;50;37,25.7,24.333,24.0,26.4,24.0,24.0,24.0,24.0,24.5
3,252,41;99;71,25.7,23.0,23.0,22.5,23.0,23.0,23.0,23.0,23.0
3,253,55;62;108,25.4,25.333,25.0,27.9,25.0,25.0,25.0,25.0,25.5
3,254,39;40;75,25.4,24.667,25.0,24.4,25.0,25.0,25.0,25.0,24.5
3,255,108;54;24,25.3,25.0,25.0,22.6,25.0,25.0,25.0,25.0,25.0
3,256,53;46;82,25.4,25.0,25.0,24.8,25.0,25.0,25.0,25.0,25.0
3,257,46;84;71,25.4,23.667,23.0,24.0,23.0,23.0,23.3,23.8,24.0
3,258,103;7;98,25.3,24.333,24.0,26.4,24.0,24.0,24.0,24.0,24.5
3,259,51;23;62,25.5,24.333,24.0,27.0,24.0,24.0,24.0,24.0,24.5
3,260,67;123;84,26.0,21.667,21.0,21.7,21.0,21.0,21.0,21.5,22.0
3,261,62;23;14,25.1,24.0,24.0,23.7,24.0,24.0,24.0,24.0,24.0
3,262,84;15;126,25.3,23.0,24.0,22.5,24.0,24.0,24.0,23.3,22.5
3,263,34;103;57,25.6,23.667,23.0,24.7,23.0,23.0,23.0,23.1,24.0
3,264,15;61;98,25.3,24.667,24.0,23.8,24.0,24.0,24.0,24.1,25.0
3,265,116;80;84,25.6,22.667,22.0,23.0,22.0,22.0,22.0,22.5,23.0
3,266,98;24;113,25.6,25.0,25.0,26.4,25.0,25.0,25.0,25.0,25.0
3,267,44;53;98,25.6,22.667,23.0,23.1,23.0,23.0,23.0,23.0,22.5
3,268,12;99;46,25.7,25.0,24.0,26.3,24.0,24.0,24.0,24.7,25.5
3,269,116;110;54,25.3,24.0,25.0,22.2,25.0,25.0,25.0,24.3,23.5
3,270,55;50;14,25.5,24.333,24.0,24.4,24.0,24.0,24.0,24.0,24.5
3,271,90;26;126,25.7,23.667,24.0,21.2,24.0,24.0,24.0,24.0,23.5
3,272,122;71;48,25.5,24.0,23.0,24.8,23.0,23.0,23.5,24.1,24.5
3,273,81;99;73,26.0,22.667,23.0,23.0,23.0,23.0,23.0,23.0,22.5
3,274,113;34;24,25.6,24.667,25.0,24.6,25.0,25.0,25.0,25.0,24.5
3,275,83;26;54,25.7,23.667,24.0,23.1,24.0,24.0,24.0,24.0,23.5
3,276,90;51;33,26.0,24.0,24.0,24.0,24.0,24.0,24.0,24.0,24.0
3,277,90;113;112,25.7,24.333,24.0,25.7,24.0,24.0,24.0,24.0,24.5
3,278,58;20;37,25.6,24.0,24.0,25.6,24.0,24.0,24.0,24.0,24.0
3,279,14;94;40,25.1,25.0,24.0,25.5,24.0,24.0,24.5,25.1,25.5
3,280,113;99;20,25.9,25.0,25.0,26.1,25.0,25.0,25.0,25.0,25.0
3,281,110;58;33,25.6,23.333,23.0,22.0,23.0,23.0,23.0,23.0,23.5
3,282,55;82;73,25.7,24.667,25.0,24.3,25.0,25.0,25.0,25.0,24.5
3,283,23;53;54,25.1,24.0,24.0,22.5,24.0,24.0,24.0,24.0,24.0
3,284,48;73;40,25.4,24.667,24.0,26.0,24.0,24.0,24.0,24.5,25.0
3,285,78;103;97,25.5,25.0,25.0,22.6,25.0,25.0,25.0,25.0,25.0
3,286,14;12;126,25.4,23.667,24.0,21.2,24.0,24.0,24.0,24.0,23.5
3,287,44;123;84,25.9,22.0,21.0,22.8,21.0,21.0,21.0,21.7,22.5
3,288,62;18;55,25.4,23.333,25.0,27.0,25.8,23.9,23.2,22.8,22.5
3,289,104;20;43,25.6,25.667,26.0,25.6,26.0,26.0,26.0,26.0,25.5
3,290,68;99;34,26.0,24.333,24.0,24.4,24.0,24.0,24.0,24.0,24.5
3,291,34;116;50,25.9,24.0,24.0,25.6,24.0,24.0,24.0,24.0,24.0
3,292,53;7;34,25.3,23.333,23.0,25.5,23.0,23.0,23.0,23.0,23.5
3,293,119;20;48,25.4,25.333,25.0,24.6,25.0,25.0,25.0,25.0,25.5
3,294,14;97;23,25.5,24.0,24.0,25.6,24.0,24.0,24.0,24.0,24.0
3,295,7;68;53,25.4,24.333,24.0,25.1,24.0,24.0,24.0,24.0,24.5
3,296,48;20;119,25.4,25.333,25.0,24.1,25.0,25.0,25.0,25.0,25.5
3,297,116;18;108,25.9,23.0,25.0,22.0,25.0,23.8,23.0,22.5,22.0
3,298,126;33;61,25.3,25.0,25.0,26.4,25.0,25.0,25.0,25.0,25.0
3,299,104;73;90,25.8,24.0,23.0,24.7,23.0,23.0,23.0,23.7,24.5
4,0,61;18;53;34,25.5,22.75,23.0,25.1,23.0,23.0,23.0,22.7,22.5
4,1,48;122;37;98,25.6,24.25,24.0,24.5,24.0,24.0,24.0,24.0,24.5
4,2,76;84;83;46,25.8,24.0,24.0,24.0,24.1,24.0,24.0,24.0,24.0
4,3,103;97;30;116,25.6,25.0,25.0,25.0,25.0,25.0,25.0,25.0,25.0
4,4,20;119;43;44,25.7,24.0,24.5,23.4,24.0,24.0,24.0,24.0,23.5
4,5,68;76;67;30,25.8,24.25,25.5,23.0,26.0,25.0,24.4,23.7,23.0
4,6,87;57;104;33,25.5,24.75,25.0,23.7,25.0,25.0,25.0,25.0,24.5
4,7,98;78;50;94,25.5,25.25,24.5,26.8,24.0,25.0,25.0,25.0,26.0
4,8,73;44;50;78,25.7,23.25,23.5,23.3,23.1,23.2,23.2,23.1,23.0
4,9,116;104;71;7,25.3,24.5,24.5,23.6,24.9,24.5,24.5,24.5,24.5
4,10,76;110;126;20,25.5,24.25,24.5,23.2,24.5,24.2,24.2,24.1,24.0
4,11,48;112;87;62,25.0,25.25,25.0,26.0,25.0,25.0,25.0,25.0,25.5
4,12,87;51;61;97,25.6,25.0,25.0,23.6,25.0,25.0,25.0,25.0,25.0
4,13,97;37;72;30,25.4,24.75,25.0,22.9,25.0,25.0,25.0,25.0,24.5
4,14,12;67;57;108,25.9,23.0,23.5,22.4,23.4,23.0,23.0,23.0,22.5
4,15,61;44;71;98,25.4,23.5,23.5,23.5,23.5,23.5,23.5,23.5,23.5
4,16,19;98;122;82,26.0,23.75,24.0,22.3,24.0,24.0,24.0,24.0,23.5
4,17,76;113;44;104,25.7,24.75,26.0,24.0,26.0,26.0,25.2,24.4,23.5
4,18,37;15;119;113,25.3,24.5,24.0,23.3,24.0,24.0,24.0,24.0,25.0
4,19,14;113;80;71,25.3,23.5,23.0,24.0,23.0,23.0,23.0,23.1,24.0
4,20,84;39;30;73,25.6,23.5,24.0,23.6,23.4,23.4,23.4,23.3,23.0
4,21,62;78;57;73,25.5,24.0,24.0,22.4,24.8,24.0,24.0,24.0,24.0
4,22,26;23;51;119,25.6,24.0,24.0,24.2,24.0,24.0,24.0,24.0,24.0
4,23,24;53;55;116,25.2,24.75,25.0,23.7,25.0,25.0,25.0,25.0,24.5
4,24,23;68;55;12,25.6,25.0,25.0,24.7,25.9,25.0,25.0,25.0,25.0
4,25,113;103;58;51,25.8,24.5,24.5,24.4,24.5,24.5,24.5,24.5,24.5
4,26,123;80;87;98,25.5,23.75,24.0,22.4,24.0,24.0,24.0,24.0,23.5
4,27,110;61;51;126,25.3,24.0,24.0,23.8,24.0,24.0,24.0,24.0,24.0
4,28,30;40;76;62,25.3,25.0,25.0,23.6,25.0,25.0,25.0,25.0,25.0
4,29,33;76;51;90,26.0,24.5,24.5,25.5,24.1,24.5,24.5,24.5,24.5
4,30,55;76;30;46,25.3,26.0,26.0,27.4,26.0,26.0,26.0,26.0,26.0
4,31,65;43;39;33,25.7,25.25,25.0,26.0,25.0,25.0,25.0,25.0,25.5
4,32,26;72;41;23,25.5,23.75,24.0,24.4,24.0,24.0,24.0,24.0,23.5
4,33,76;50;14;84,25.8,23.5,23.5,23.4,23.4,23.5,23.5,23.5,23.5
4,34,90;103;108;58,25.8,24.0,24.0,25.7,25.0,24.0,24.0,24.0,24.0
4,35,108;67;65;126,25.7,23.5,24.5,22.3,25.0,24.0,24.0,23.3,22.5
4,36,108;62;12;50,25.8,24.5,24.5,25.7,24.1,24.5,24.5,24.5,24.5
4,37,119;123;50;72,25.6,24.25,24.0,23.6,24.0,24.0,24.0,24.0,24.5
4,38,103;83;40;12,25.5,23.75,24.0,22.1,24.0,24.0,24.0,24.0,23.5
4,39,87;123;61;76,25.5,25.25,25.5,25.8,25.9,25.2,25.2,25.2,25.0
4,40,104;122;113;24,25.6,24.75,25.5,23.5,25.2,25.0,25.0,25.0,24.0
4,41,103;112;122;54,25.4,24.0,24.5,24.1,24.7,24.0,24.0,24.0,23.5
4,42,67;98;122;119,25.8,22.5,23.0,22.8,23.1,22.4,22.4,22.3,22.0
4,43,41;23;83;18,25.8,21.75,22.0,21.6,22.0,22.0,22.0,22.0,21.5
4,44,72;97;19;58,25.8,24.25,24.5,24.0,24.8,24.2,24.2,24.2,24.0
4,45,54;81;50;80,25.6,23.0,23.0,23.6,23.6,23.0,23.0,23.0,23.0
4,46,30;122;24;26,25.5,24.0,24.5,22.3,24.0,24.0,24.0,24.0,23.5
4,47,62;98;99;37,25.5,24.25,24.0,25.7,24.0,24.0,24.0,24.0,24.5
4,48,61;112;72;68,25.3,25.25,25.5,25.0,25.4,25.2,25.2,25.2,25.0
4,49,116;26;123;108,25.9,24.5,24.5,25.4,24.8,24.5,24.5,24.5,24.5
4,50,58;18;43;46,25.7,23.75,24.5,25.6,26.0,23.3,23.3,23.1,23.0
4,51,108;113;104;80,25.6,24.75,25.5,23.1,25.0,25.0,25.0,25.0,24.0
4,52,98;89;57;19,25.9,24.0,24.0,22.9,24.0,24.0,24.0,24.0,24.0
4,53,23;51;44;98,25.7,23.25,24.0,21.9,24.0,24.0,24.0,23.7,22.5
4,54,24;73;48;55,25.3,25.25,25.5,24.5,25.7,25.2,25.2,25.1,25.0
4,55,65;40;19;75,25.7,24.5,24.5,25.4,24.8,24.5,24.5,24.5,24.5
4,56,53;15;33;51,25.5,24.0,24.0,22.0,24.0,24.0,24.0,24.0,24.0
4,57,126;119;39;37,25.1,24.25,24.0,23.3,24.0,24.0,24.0,24.0,24.5
4,58,126;83;58;40,25.6,23.25,23.5,23.7,23.2,23.2,23.2,23.2,23.0
4,59,62;7;19;46,25.3,25.0,24.5,25.8,24.0,25.0,25.0,25.0,25.5
4,60,65;14;72;37,25.3,24.25,24.5,23.7,24.0,24.2,24.2,24.2,24.0
4,61,75;84;94;37,25.5,24.5,24.5,22.4,24.7,24.5,24.5,24.5,24.5
4,62,34;44;24;55,25.4,23.75,24.0,23.3,23.7,23.7,23.7,23.6,23.5
4,63,26;30;50;122,25.8,23.75,24.0,22.4,24.0,24.0,24.0,24.0,23.5
4,64,99;24;50;116,25.7,24.5,24.5,24.3,24.0,24.5,24.5,24.5,24.5
4,65,73;78;57;94,25.5,24.75,24.0,25.2,24.6,24.9,25.0,25.0,25.5
4,66,7;89;110;98,25.5,23.75,24.0,24.4,24.0,24.0,24.0,24.0,23.5
4,67,54;58;112;41,25.5,23.5,23.5,24.5,23.8,23.5,23.5,23.5,23.5
4,68,103;50;14;116,25.6,24.25,24.5,24.2,25.0,24.2,24.2,24.2,24.0
4,69,110;122;46;76,25.6,24.25,24.0,24.3,25.4,24.3,24.3,24.3,24.5
4,70,97;18;108;72,25.8,23.5,25.0,22.0,25.0,24.4,23.5,22.8,22.0
4,71,40;87;23;39,25.1,24.5,24.5,24.3,24.0,24.5,24.5,24.5,24.5
4,72,15;98;48;61,25.3,25.25,25.0,26.7,25.4,25.3,25.3,25.3,25.5
4,73,87;126;61;98,25.3,24.75,24.5,26.0,24.2,24.8,24.8,24.8,25.0
4,74,67;50;26;73,25.9,22.75,23.5,21.7,23.8,23.0,23.0,23.0,22.0
4,75,43;24;84;99,25.7,24.0,24.5,23.7,24.1,24.0,24.0,24.0,23.5
4,76,73;83;41;12,25.9,22.75,22.5,21.3,22.4,22.8,22.8,22.8,23.0
4,77,113;119;67;48,25.6,24.25,25.0,24.4,26.0,24.0,24.0,23.9,23.5
4,78,87;98;41;119,25.5,23.75,24.0,23.6,24.0,24.0,24.0,24.0,23.5
4,79,15;108;46;20,25.5,25.25,25.0,25.3,25.0,25.0,25.0,25.0,25.5
4,80,68;78;112;97,25.6,25.0,25.0,23.9,25.0,25.0,25.0,25.0,25.0
4,81,75;19;113;67,26.0,23.75,24.5,23.0,24.7,24.0,24.0,23.5,23.0
4,82,33;80;65;110,25.4,23.5,23.5,23.3,23.3,23.5,23.5,23.5,23.5
4,83,55;73;14;24,25.3,24.25,24.0,24.5,23.5,24.3,24.3,24.3,24.5
4,84,104;40;103;110,25.1,24.25,24.5,24.7,24.0,24.2,24.2,24.1,24.0
4,85,14;51;50;20,25.8,24.0,24.0,23.7,24.0,24.0,24.0,24.0,24.0
4,86,73;62;90;78,25.6,24.0,24.0,25.9,24.3,24.0,24.0,24.0,24.0
4,87,48;43;39;80,25.3,25.0,25.5,24.8,25.0,25.0,25.0,25.0,24.5
4,88,72;68;61;81,25.6,24.5,25.5,23.0,25.4,25.0,25.0,24.3,23.5
4,89,53;75;82;83,25.8,23.75,24.0,24.8,23.8,23.7,23.7,23.7,23.5
4,90,44;19;54;126,25.5,23.5,24.0,22.4,24.0,24.0,24.0,23.9,23.0
4,91,44;81;41;97,25.9,22.25,21.5,23.8,21.0,22.0,22.0,22.0,23.0
4,92,18;41;57;7,25.7,22.0,22.5,21.2,22.6,22.0,22.0,22.0,21.5
4,93,39;58;116;55,25.5,24.75,25.0,25.0,25.0,25.0,25.0,25.0,24.5
4,94,72;44;48;61,25.3,24.75,25.5,24.0,25.1,25.0,25.0,24.5,24.0
4,95,55;53;75;67,25.5,23.5,24.0,23.0,23.3,23.3,23.3,23.2,23.0
4,96,19;55;83;71,25.6,23.75,23.5,23.0,23.6,23.8,23.8,23.9,24.0
4,97,81;89;110;23,25.5,23.0,23.0,22.8,22.8,23.0,23.0,23.0,23.0
4,98,94;68;24;89,25.5,26.0,25.5,25.1,25.7,26.0,26.0,26.0,26.5
4,99,97;20;83;76,26.0,24.5,25.0,23.7,25.0,25.0,25.0,24.9,24.0
4,100,65;40;62;110,25.2,24.0,24.5,22.9,24.2,24.0,24.0,24.0,23.5
4,101,98;119;43;108,25.7,24.75,24.5,23.2,24.3,24.8,24.8,24.8,25.0
4,102,71;126;84;57,25.5,22.75,23.0,22.0,23.0,23.0,23.0,23.0,22.5
4,103,108;99;87;104,25.6,25.0,25.0,23.1,25.0,25.0,25.0,25.0,25.0
4,104,99;50;18;46,25.8,23.5,24.0,26.2,24.0,24.0,23.6,23.1,23.0
4,105,26;55;34;94,25.5,25.25,25.0,25.1,25.0,25.3,25.3,25.4,25.5
4,106,83;26;119;116,25.7,23.75,24.0,24.7,24.0,24.0,24.0,24.0,23.5
4,107,19;82;97;72,25.8,24.75,25.0,26.2,25.0,25.0,25.0,25.0,24.5
4,108,7;62;53;72,25.1,24.25,24.5,22.1,25.0,24.2,24.2,24.2,24.0
4,109,68;82;53;19,25.8,24.5,24.5,24.4,24.5,24.5,24.5,24.5,24.5
4,110,51;67;65;122,26.0,22.75,23.0,22.5,22.3,22.7,22.7,22.6,22.5
4,111,65;122;99;72,25.8,24.0,24.5,22.5,24.0,24.0,24.0,24.0,23.5
4,112,48;33;46;12,25.5,25.75,26.0,25.1,25.1,25.7,25.7,25.7,25.5
4,113,24;26;80;7,25.2,23.75,24.0,23.6,24.0,24.0,24.0,24.0,23.5
4,114,19;67;82;75,26.0,23.5,24.5,22.0,24.1,24.0,24.0,23.3,22.5
4,115,78;40;68;34,25.5,24.5,24.5,24.1,24.3,24.5,24.5,24.5,24.5
4,116,116;94;46;55,25.3,26.5,26.5,27.5,26.4,26.5,26.5,26.5,26.5
4,117,58;110;41;90,25.8,22.5,22.5,21.0,23.0,22.5,22.5,22.5,22.5
4,118,87;40;104;62,25.1,25.0,25.0,23.6,25.0,25.0,25.0,25.0,25.0
4,119,61;73;90;76,25.8,24.5,24.5,24.7,24.7,24.5,24.5,24.5,24.5
4,120,57;82;116;80,25.7,23.75,24.0,24.8,23.8,23.7,23.7,23.7,23.5
4,121,48;14;113;126,25.4,25.0,25.0,25.8,25.8,25.0,25.0,25.0,25.0
4,122,80;67;123;104,25.6,23.0,23.0,23.0,22.6,23.0,23.0,23.0,23.0
4,123,55;57;19;20,25.7,24.5,24.5,25.7,24.4,24.5,24.5,24.5,24.5
4,124,76;84;23;53,25.6,23.5,23.5,24.0,24.0,23.5,23.5,23.5,23.5
4,125,112;34;87;84,25.5,23.25,23.5,23.6,23.5,23.2,23.2,23.1,23.0
4,126,30;57;126;48,25.3,24.75,24.5,25.8,24.6,24.8,24.8,24.9,25.0
4,127,87;90;50;67,25.8,23.0,23.5,22.6,24.0,23.0,23.0,23.0,22.5
4,128,26;76;62;40,25.5,24.75,24.5,23.8,24.7,24.8,24.8,24.8,25.0
4,129,68;81;94;55,25.6,25.25,26.0,23.9,26.0,26.0,25.5,24.8,24.5
4,130,90;19;40;46,25.6,24.5,24.0,25.7,24.0,24.0,24.0,24.1,25.0
4,131,24;57;112;19,25.5,24.0,24.0,22.3,24.0,24.0,24.0,24.0,24.0
4,132,34;48;81;61,25.5,24.25,24.5,24.0,25.9,24.2,24.2,24.1,24.0
4,133,84;37;99;44,25.7,22.5,22.5,21.8,21.8,22.5,22.5,22.5,22.5
4,134,65;108;68;15,25.7,25.0,25.0,26.7,25.0,25.0,25.0,25.0,25.0
4,135,14;112;123;75,25.6,24.0,24.0,23.7,24.0,24.0,24.0,24.0,24.0
4,136,57;72;103;73,25.5,24.0,24.0,25.7,25.0,24.0,24.0,24.0,24.0
4,137,41;62;83;30,25.6,23.5,23.5,24.1,24.1,23.5,23.5,23.5,23.5
4,138,33;78;116;82,25.7,25.0,25.0,25.0,25.0,25.0,25.0,25.0,25.0
4,139,89;76;119;57,25.7,24.5,24.5,25.5,24.1,24.5,24.5,24.5,24.5
4,140,97;68;71;67,25.8,23.5,24.0,23.0,23.0,23.3,23.3,23.2,23.0
4,141,97;65;68;39,25.8,25.25,25.0,23.8,25.0,25.0,25.0,25.0,25.5
4,142,108;30;58;73,25.8,24.0,24.0,22.4,24.8,24.0,24.0,24.0,24.0
4,143,33;19;78;37,25.5,24.5,24.5,25.7,24.3,24.5,24.5,24.5,24.5
4,144,39;30;83;90,25.7,23.75,24.0,22.5,24.8,23.7,23.7,23.7,23.5
4,145,89;104;20;67,25.7,24.0,25.0,23.0,25.0,25.0,24.3,23.6,23.0
4,146,112;99;40;23,25.3,24.0,24.0,24.2,24.0,24.0,24.0,24.0,24.0
4,147,12;72;34;123,25.7,24.0,24.0,22.9,24.0,24.0,24.0,24.0,24.0
4,148,14;104;44;7,25.3,23.5,23.5,23.2,23.2,23.5,23.5,23.5,23.5
4,149,18;37;48;87,25.3,23.75,24.5,24.7,25.0,24.0,23.7,23.2,23.0
4,150,18;50;61;12,25.8,23.25,24.0,25.3,24.0,24.0,23.5,22.8,22.5
4,151,90;7;20;40,25.5,24.0,24.0,22.0,24.0,24.0,24.0,24.0,24.0
4,152,123;33;50;71,25.8,24.0,24.0,25.2,24.0,24.0,24.0,24.0,24.0
4,153,34;119;37;54,25.3,24.0,24.0,23.7,24.0,24.0,24.0,24.0,24.0
4,154,20;87;81;62,25.5,24.0,25.0,22.1,25.0,25.0,25.0,24.1,23.0
4,155,46;50;110;65,25.5,24.5,24.5,24.9,24.9,24.5,24.5,24.5,24.5
4,156,61;103;54;58,25.3,24.75,25.0,25.6,25.0,25.0,25.0,25.0,24.5
4,157,18;15;80;78,25.3,22.5,23.0,22.0,22.1,22.3,22.3,22.2,22.0
4,158,40;51;126;81,25.6,23.25,24.0,22.4,24.0,24.0,24.0,23.7,22.5
4,159,123;61;113;89,25.8,25.25,25.5,25.2,25.0,25.2,25.2,25.2,25.0
4,160,113;12;37;51,25.7,24.5,24.0,23.7,24.0,24.0,24.0,24.0,25.0
4,161,34;89;62;73,25.7,24.0,24.0,25.7,25.0,24.0,24.0,24.0,24.0
4,162,112;67;75;73,25.7,23.0,23.5,22.0,23.7,23.0,23.0,23.0,22.5
4,163,23;119;30;14,25.2,24.0,24.0,22.5,24.0,24.0,24.0,24.0,24.0
4,164,46;57;18;72,25.5,23.5,24.0,25.9,25.0,23.2,23.1,23.1,23.0
4,165,55;89;15;33,25.5,25.0,25.0,23.9,25.0,25.0,25.0,25.0,25.0
4,166,98;104;19;72,25.5,24.75,24.5,24.5,24.9,24.8,24.8,24.8,25.0
4,167,72;97;82;19,25.8,24.75,25.0,22.0,25.0,25.0,25.0,25.0,24.5
4,168,65;116;37;97,25.7,24.75,25.0,25.8,25.0,25.0,25.0,25.0,24.5
4,169,123;103;126;62,25.3,24.5,24.5,24.3,24.0,24.5,24.5,24.5,24.5
4,170,14;72;43;99,25.6,24.5,24.5,24.3,24.5,24.5,24.5,24.5,24.5
4,171,82;103;14;54,25.4,24.5,25.0,24.9,25.0,25.0,25.0,25.0,24.0
4,172,113;67;53;84,25.7,22.5,22.0,23.0,21.1,22.7,22.7,22.8,23.0
4,173,14;34;97;73,25.8,23.5,23.0,23.3,23.0,23.0,23.0,23.0,24.0
4,174,7;58;98;68,25.7,24.25,24.0,23.0,24.0,24.0,24.0,24.0,24.5
4,175,23;14;12;84,25.6,23.0,23.5,22.3,24.0,23.0,23.0,23.0,22.5
4,176,50;123;53;94,25.6,24.75,24.0,25.7,24.0,24.0,24.0,24.8,25.5
4,177,34;89;55;50,25.7,24.5,24.5,24.3,24.5,24.5,24.5,24.5,24.5
4,178,87;46;103;57,25.3,25.0,25.0,24.6,25.0,25.0,25.0,25.0,25.0
4,179,23;12;94;75,25.5,25.25,24.5,26.3,24.8,25.0,25.0,25.0,26.0
4,180,57;123;84;61,25.8,23.5,23.5,23.9,23.9,23.5,23.5,23.5,23.5
4,181,116;108;99;84,25.9,23.75,24.5,22.3,24.3,24.0,24.0,24.0,23.0
4,182,23;61;18;62,25.4,23.5,24.5,26.7,25.0,24.0,23.5,22.9,22.5
4,183,87;54;57;26,25.5,24.25,24.5,22.3,24.4,24.2,24.2,24.2,24.0
4,184,122;72;46;20,25.5,24.75,25.0,24.0,25.0,25.0,25.0,25.0,24.5
4,185,104;90;40;48,25.4,25.0,25.0,25.0,25.0,25.0,25.0,25.0,25.0
4,186,57;98;62;123,25.7,24.0,24.0,22.0,24.0,24.0,24.0,24.0,24.0
4,187,98;75;122;71,25.7,23.5,23.5,23.0,23.8,23.5,23.5,23.5,23.5
4,188,57;76;26;54,25.7,24.5,24.5,25.8,24.0,24.5,24.5,24.5,24.5
4,189,46;75;57;126,25.5,24.75,24.5,24.6,24.8,24.8,24.8,24.9,25.0
4,190,78;15;18;122,25.6,22.5,23.0,22.0,22.3,22.3,22.3,22.2,22.0
4,191,55;41;81;54,25.5,23.5,23.5,23.9,23.3,23.5,23.5,23.5,23.5
4,192,61;48;104;43,25.3,26.25,26.0,27.5,26.0,26.0,26.0,26.0,26.5
4,193,58;20;43;112,25.7,24.5,24.5,24.3,24.5,24.5,24.5,24.5,24.5
4,194,72;123;119;20,25.5,24.5,24.5,25.4,24.8,24.5,24.5,24.5,24.5
4,195,84;98;90;50,26.0,23.0,23.5,21.8,24.0,23.0,23.0,23.0,22.5
4,196,76;123;48;40,25.6,25.25,25.0,26.0,24.3,25.3,25.3,25.3,25.5
4,197,98;12;94;73,25.7,24.75,24.0,25.9,24.0,24.0,24.0,24.8,25.5
4,198,46;65;40;108,25.5,25.25,25.0,26.8,25.0,25.0,25.0,25.0,25.5
4,199,122;65;18;43,25.9,23.0,23.5,23.9,25.0,22.8,22.7,22.7,22.5
4,200,54;26;89;90,25.7,24.25,24.5,25.8,24.9,24.2,24.2,24.2,24.0
4,201,39;81;97;23,25.6,23.75,24.5,22.3,25.0,24.0,24.0,24.0,23.0
4,202,116;20;68;126,25.7,25.0,25.0,26.7,25.0,25.0,25.0,25.0,25.0
4,203,54;51;89;73,25.7,24.25,24.5,25.8,24.9,24.2,24.2,24.2,24.0
4,204,43;57;113;87,25.7,25.0,25.5,23.1,25.4,25.0,25.0,25.0,24.5
4,205,87;30;80;62,25.1,24.25,25.0,24.2,25.0,25.0,25.0,24.7,23.5
4,206,40;126;19;123,25.6,24.0,24.0,24.2,24.0,24.0,24.0,24.0,24.0
4,207,43;62;89;83,25.7,24.5,25.0,23.6,25.0,25.0,25.0,24.9,24.0
4,208,84;89;112;76,25.7,24.0,24.5,23.5,24.4,24.0,24.0,24.0,23.5
4,209,87;72;54;20,25.3,25.0,25.0,25.0,25.0,25.0,25.0,25.0,25.0
4,210,89;37;33;84,25.7,23.75,24.5,23.5,24.8,24.0,24.0,24.0,23.0
4,211,54;98;33;48,25.5,25.25,25.0,25.8,25.0,25.0,25.0,25.0,25.5
4,212,53;72;24;81,25.3,23.5,24.0,23.4,23.0,23.4,23.4,23.3,23.0
4,213,14;110;46;67,25.3,23.0,22.5,21.6,22.8,23.0,23.0,23.2,23.5
4,214,61;119;97;82,25.6,25.0,25.0,24.3,25.0,25.0,25.0,25.0,25.0
4,215,34;53;80;97,25.5,23.25,23.0,23.8,23.0,23.0,23.0,23.0,23.5
4,216,122;98;40;41,25.7,23.0,23.0,22.3,22.8,23.0,23.0,23.0,23.0
4,217,19;112;30;50,25.6,24.25,24.0,23.3,24.0,24.0,24.0,24.0,24.5
4,218,39;83;40;24,25.3,24.0,24.5,22.5,24.0,24.0,24.0,24.0,23.5
4,219,65;81;15;34,25.7,23.25,23.5,24.0,23.1,23.2,23.2,23.1,23.0
4,220,18;65;67;76,25.9,22.5,22.5,22.0,20.0,22.5,22.5,22.5,22.5
4,221,76;18;75;48,25.8,24.25,25.5,27.3,26.0,24.5,23.8,23.3,23.0
4,222,46;7;67;108,25.5,24.0,24.5,26.9,24.9,24.0,24.0,23.8,23.5
4,223,41;108;24;26,25.7,24.0,24.5,22.3,24.8,24.0,24.0,24.0,23.5
4,224,15;58;119;83,25.6,23.25,23.5,23.3,23.3,23.2,23.2,23.2,23.0
4,225,23;122;126;57,25.6,23.25,23.5,24.2,23.2,23.2,23.2,23.2,23.0
4,226,99;97;33;81,26.0,23.75,24.5,22.5,24.9,24.0,24.0,24.0,23.0
4,227,15;23;75;76,25.5,24.75,24.5,25.7,24.8,24.8,24.8,24.8,25.0
4,228,71;14;76;43,25.5,24.5,24.5,24.0,24.0,24.5,24.5,24.5,24.5
4,229,123;7;71;110,25.3,23.25,23.5,22.2,23.5,23.2,23.2,23.2,23.0
4,230,54;37;15;113,25.3,24.75,24.5,25.2,24.7,24.8,24.8,24.8,25.0
4,231,50;43;90;26,26.0,24.25,24.0,23.1,24.0,24.0,24.0,24.0,24.5
4,232,37;97;71;53,25.3,23.75,23.5,24.8,23.1,23.8,23.8,23.8,24.0
4,233,15;12;67;65,25.7,23.25,24.0,22.4,24.0,24.0,24.0,23.2,22.5
4,234,81;40;112;43,25.5,23.75,24.0,23.6,24.0,24.0,24.0,24.0,23.5
4,235,103;119;23;72,25.1,24.5,24.5,25.4,24.8,24.5,24.5,24.5,24.5
4,236,122;54;90;71,25.6,23.25,23.0,23.1,23.0,23.0,23.0,23.0,23.5
4,237,7;41;30;71,25.3,23.5,23.5,24.8,23.6,23.5,23.5,23.5,23.5
4,238,89;23;51;24,25.5,24.5,24.5,25.4,24.8,24.5,24.5,24.5,24.5
4,239,80;89;84;54,25.5,23.25,23.5,24.0,24.9,23.2,23.2,23.2,23.0
4,240,18;7;123;51,25.8,22.75,24.0,21.1,24.0,24.0,23.2,22.4,21.5
4,241,50;94;84;72,25.5,24.5,24.5,25.2,25.0,24.5,24.5,24.5,24.5
4,242,99;39;33;65,25.7,24.75,25.0,26.2,25.0,25.0,25.0,25.0,24.5
4,243,62;72;68;98,25.5,25.0,25.0,26.7,25.0,25.0,25.0,25.0,25.0
4,244,67;103;12;65,25.7,23.5,24.5,22.9,24.0,24.0,24.0,23.3,22.5
4,245,23;83;72;41,25.6,23.25,23.0,24.6,22.9,23.3,23.3,23.3,23.5
4,246,110;24;123;76,25.5,24.25,24.5,24.1,24.9,24.2,24.2,24.1,24.0
4,247,76;57;55;24,25.5,25.0,25.5,23.1,25.4,25.0,25.0,25.0,24.5
4,248,67;34;19;58,25.9,22.5,23.0,21.9,23.0,23.0,23.0,22.9,22.0
4,249,37;44;30;94,25.3,24.5,24.5,25.8,24.5,24.5,24.5,24.5,24.5
4,250,23;123;78;67,25.6,23.25,24.0,22.0,24.0,24.0,24.0,23.2,22.5
4,251,65;84;75;119,25.7,23.75,24.5,22.3,25.0,24.0,24.0,24.0,23.0
4,252,14;48;7;46,25.1,25.25,25.5,25.3,25.2,25.2,25.2,25.2,25.0
4,253,71;14;108;51,25.6,23.75,23.5,23.7,23.7,23.8,23.8,23.8,24.0
4,254,62;71;18;76,25.5,23.25,24.0,23.8,25.0,23.0,23.0,22.9,22.5
4,255,34;75;108;116,25.9,24.5,25.0,23.4,25.0,25.0,25.0,25.0,24.0
4,256,62;67;81;75,25.8,22.75,23.0,22.7,24.5,22.7,22.7,22.7,22.5
4,257,122;75;126;19,25.8,23.75,24.0,24.6,24.0,24.0,24.0,24.0,23.5
4,258,50;14;24;26,25.5,24.0,24.0,23.8,24.0,24.0,24.0,24.0,24.0
4,259,46;87;62;40,25.0,25.25,25.0,24.7,25.0,25.0,25.0,25.0,25.5
4,260,108;48;89;12,25.7,25.25,25.0,24.8,25.0,25.0,25.0,25.0,25.5
4,261,50;61;20;87,25.5,25.0,25.0,25.7,25.0,25.0,25.0,25.0,25.0
4,262,55;41;126;122,25.6,23.5,23.0,24.6,22.0,23.6,23.6,23.7,24.0
4,263,78;103;61;126,25.1,25.0,25.0,26.7,25.0,25.0,25.0,25.0,25.0
4,264,82;62;37;12,25.5,24.5,24.5,25.7,24.1,24.5,24.5,24.5,24.5
4,265,123;14;67;81,25.8,22.0,22.0,21.3,21.3,22.0,22.0,22.0,22.0
4,266,113;34;90;39,25.8,24.25,24.0,24.5,23.5,24.3,24.3,24.3,24.5
4,267,20;26;68;7,25.7,24.75,24.5,26.0,24.2,24.8,24.8,24.8,25.0
4,268,30;78;103;119,25.1,24.75,25.0,22.0,25.0,25.0,25.0,25.0,24.5
4,269,24;119;65;67,25.5,23.5,24.5,23.0,24.8,24.0,24.0,23.3,22.5
4,270,89;72;108;37,25.5,24.75,25.0,22.0,25.0,25.0,25.0,25.0,24.5
4,271,104;14;53;76,25.4,24.5,24.5,24.7,24.7,24.5,24.5,24.5,24.5
4,272,58;65;122;37,25.8,23.5,23.5,24.2,23.5,23.5,23.5,23.5,23.5
4,273,58;104;75;12,25.8,24.5,24.5,23.6,24.3,24.5,24.5,24.5,24.5
4,274,116;99;58;43,25.9,24.5,24.5,24.0,24.9,24.5,24.5,24.5,24.5
4,275,104;87;24;61,25.0,25.5,25.5,26.5,25.1,25.5,25.5,25.5,25.5
4,276,46;75;50;18,25.8,23.75,24.5,27.0,25.0,24.0,23.7,23.2,23.0
4,277,71;26;108;80,25.5,23.5,23.5,23.3,23.1,23.5,23.5,23.5,23.5
4,278,65;61;7;67,25.5,23.75,24.5,23.0,24.6,24.0,24.0,23.5,23.0
4,279,71;103;26;19,25.5,24.0,24.0,25.3,24.0,24.0,24.0,24.0,24.0
4,280,30;81;15;40,25.3,23.5,24.0,24.0,24.0,24.0,24.0,23.9,23.0
4,281,54;61;76;40,25.3,25.25,25.5,26.4,25.0,25.2,25.2,25.2,25.0
4,282,113;23;116;68,25.8,25.25,25.5,25.0,25.4,25.2,25.2,25.2,25.0
4,283,57;97;53;119,25.6,23.75,23.5,24.7,24.0,23.8,23.8,23.8,24.0
4,284,119;44;14;67,25.5,22.0,22.0,23.0,23.0,22.0,22.0,22.0,22.0
4,285,62;112;90;113,25.6,24.5,24.5,24.0,24.9,24.5,24.5,24.5,24.5
4,286,76;57;61;24,25.5,25.0,25.5,23.1,25.4,25.0,25.0,25.0,24.5
4,287,90;94;83;76,25.8,24.75,24.5,25.0,25.1,24.8,24.8,24.9,25.0
4,288,7;122;75;72,25.6,24.0,24.5,24.5,24.0,24.0,24.0,24.0,23.5
4,289,14;68;75;71,25.6,24.25,24.0,25.3,24.4,24.3,24.3,24.3,24.5
4,290,90;48;26;126,25.6,24.5,24.0,25.4,24.0,24.0,24.0,24.1,25.0
4,291,23;24;18;104,25.3,23.5,24.5,23.7,25.0,24.0,23.5,22.9,22.5
4,292,76;122;53;15,25.6,23.75,23.5,24.5,23.3,23.8,23.8,23.9,24.0
4,293,78;7;37;65,25.3,24.5,24.5,25.4,24.8,24.5,24.5,24.5,24.5
4,294,41;98;110;46,25.5,23.75,23.0,24.2,23.8,23.9,24.0,24.0,24.5
4,295,78;89;110;37,25.3,24.0,24.5,24.8,24.7,24.0,24.0,24.0,23.5
4,296,73;23;7;55,25.3,24.25,24.0,25.8,24.0,24.0,24.0,24.0,24.5
4,297,7;44;126;119,25.3,23.25,24.0,23.8,24.0,24.0,24.0,23.7,22.5
4,298,94;123;97;110,25.6,24.75,24.5,25.0,24.7,24.9,24.9,24.9,25.0
4,299,24;14;126;57,25.3,23.75,23.5,25.8,23.6,23.8,23.8,23.8,24.0
5,0,113;51;110;43;90,25.8,24.2,24.0,23.3,24.0,24.0,24.0,24.0,24.0
5,1,122;7;44;68;94,25.6,24.2,24.0,25.0,24.0,24.0,24.0,24.3,24.5
5,2,55;41;113;81;43,25.8,24.2,26.0,24.0,26.0,25.1,24.5,24.1,23.5
5,3,58;81;54;98;80,25.6,23.0,23.0,22.3,23.0,23.0,23.0,23.0,23.0
5,4,34;18;33;90;87,25.8,23.0,23.0,22.0,23.0,23.0,23.0,22.8,22.0
5,5,55;80;89;50;119,25.5,24.2,24.0,23.1,24.0,24.0,24.0,24.0,24.0
5,6,113;62;58;97;104,25.7,25.0,25.0,24.7,25.0,25.0,25.0,25.0,24.5
5,7,58;61;23;126;99,25.5,24.2,24.0,24.8,24.0,24.0,24.0,24.0,24.5
5,8,41;113;7;54;50,25.6,24.2,24.0,23.2,24.0,24.0,24.0,24.0,24.0
5,9,24;53;51;87;104,25.3,24.6,25.0,23.1,25.0,25.0,25.0,24.9,24.5
5,10,98;51;116;112;76,25.7,24.6,24.0,25.7,24.0,24.0,24.0,24.3,25.0
5,11,57;14;71;110;30,25.3,23.2,23.0,22.4,23.0,23.0,23.0,23.0,23.5
5,12,116;104;62;89;68,25.6,25.4,25.0,27.1,25.0,25.0,25.0,25.0,25.5
5,13,84;94;87;58;119,25.4,24.2,24.0,22.9,24.0,24.0,24.0,24.3,24.5
5,14,87;53;24;82;55,25.2,24.8,25.0,23.5,25.0,25.0,25.0,25.0,24.5
5,15,54;76;14;7;40,25.3,24.4,24.0,23.5,24.0,24.0,24.0,24.1,24.5
5,16,82;58;126;39;54,25.5,24.4,25.0,23.5,25.0,25.0,25.0,24.7,24.0
5,17,94;112;108;26;39,25.4,25.2,25.0,26.8,25.0,25.0,25.0,25.0,26.0
5,18,50;14;76;82;81,25.9,23.8,24.0,24.0,24.0,24.0,24.0,23.9,23.5
5,19,82;104;99;26;30,25.7,24.8,25.0,23.5,25.0,25.0,25.0,25.0,25.0
5,20,98;18;50;94;103,25.6,24.0,24.0,22.0,24.0,24.0,24.0,23.6,23.5
5,21,123;58;72;20;71,25.6,24.0,24.0,25.2,24.0,24.0,24.0,24.0,24.0
5,22,68;75;123;54;78,25.7,25.0,25.0,25.3,25.0,25.0,25.0,25.0,25.0
5,23,113;15;71;23;37,25.3,24.2,24.0,23.4,24.0,24.0,24.0,24.0,24.5
5,24,24;71;76;43;7,25.4,24.8,25.0,23.3,25.0,25.0,25.0,25.0,24.5
5,25,33;68;53;75;97,25.8,24.8,25.0,25.6,25.0,25.0,25.0,25.0,24.5
5,26,61;40;97;20;7,25.4,24.8,25.0,23.5,25.0,25.0,25.0,25.0,25.0
5,27,122;41;44;116;108,25.9,23.0,22.0,23.7,22.0,22.0,22.4,22.9,23.0
5,28,75;87;37;78;94,25.2,25.4,25.0,26.7,25.0,25.0,25.0,25.0,26.0
5,29,55;112;116;65;7,25.4,24.8,25.0,23.5,25.0,25.0,25.0,25.0,25.0
5,30,90;43;23;24;54,25.5,24.6,25.0,24.8,25.0,25.0,25.0,24.9,24.5
5,31,33;73;34;112;78,25.6,24.0,24.0,24.8,24.0,24.0,24.0,24.0,24.0
5,32,72;33;37;12;18,25.6,23.4,24.0,22.0,24.0,24.0,23.7,22.9,22.0
5,33,37;113;103;65;20,25.6,25.0,25.0,23.2,25.0,25.0,25.0,25.0,25.0
5,34,46;57;44;51;39,25.6,24.0,24.0,24.0,24.0,24.0,24.0,24.0,24.0
5,35,48;104;14;81;123,25.5,24.2,24.0,24.0,24.0,24.0,24.0,24.0,24.0
5,36,123;53;71;40;116,25.4,23.8,24.0,23.4,24.0,24.0,24.0,24.0,24.0
5,37,99;48;44;20;34,25.7,24.0,24.0,24.0,24.0,24.0,24.0,24.0,24.0
5,38,58;78;12;104;108,25.6,24.6,25.0,25.6,25.0,25.0,25.0,24.9,24.5
5,39,12;18;67;97;34,25.9,22.2,23.0,22.0,23.0,23.0,22.5,22.2,22.0
5,40,97;72;73;12;116,25.8,24.4,25.0,25.6,25.0,25.0,25.0,24.7,24.0
5,41,15;80;110;83;53,25.2,22.6,22.0,24.4,22.0,22.0,22.0,22.3,23.0
5,42,58;80;23;78;48,25.3,24.2,24.0,24.5,24.0,24.0,24.0,24.1,24.5
5,43,78;15;41;80;81,25.4,22.8,22.0,22.7,22.0,22.0,22.2,22.6,23.0
5,44,72;15;23;53;116,25.2,24.2,24.0,22.8,24.0,24.0,24.0,24.0,24.0
5,45,46;62;55;72;89,25.2,25.6,25.0,27.8,25.0,25.0,25.0,25.3,26.0
5,46,123;15;58;34;51,25.8,23.6,24.0,21.0,24.0,24.0,24.0,24.0,23.5
5,47,71;82;53;75;112,25.4,24.0,24.0,22.2,24.0,24.0,24.0,24.0,24.0
5,48,40;23;110;14;82,25.3,23.6,24.0,24.2,24.0,24.0,24.0,23.9,23.5
5,49,82;73;108;67;97,26.0,23.6,25.0,22.7,25.0,24.5,23.7,23.3,22.5
5,50,14;71;20;113;89,25.6,24.4,25.0,24.7,25.0,25.0,25.0,24.7,24.5
5,51,99;89;71;68;65,25.8,24.6,25.0,23.3,25.0,25.0,25.0,24.9,24.5
5,52,108;58;80;26;65,25.7,23.8,24.0,22.4,24.0,24.0,24.0,24.0,23.5
5,53,104;15;112;33;43,25.4,25.0,25.0,25.0,25.0,25.0,25.0,25.0,25.0
5,54,23;65;33;40;80,25.4,24.0,24.0,23.8,24.0,24.0,24.0,24.0,23.5
5,55,48;55;30;53;89,25.3,25.2,25.0,25.0,25.0,25.0,25.0,25.0,25.0
5,56,126;39;40;18;33,25.4,23.4,24.0,22.0,24.0,24.0,23.7,22.9,22.0
5,57,41;122;39;72;103,25.5,23.8,25.0,24.0,25.0,25.0,24.4,24.0,23.5
5,58,68;18;57;104;51,25.8,23.6,24.0,23.0,24.0,23.9,23.4,23.0,22.5
5,59,103;94;112;37;116,25.2,25.2,25.0,25.9,25.0,25.0,25.0,25.0,26.0
5,60,104;67;110;75;108,25.6,23.6,25.0,23.0,25.0,24.4,23.8,23.4,23.0
5,61,30;65;18;84;73,25.8,22.6,23.0,22.0,23.0,23.0,22.8,22.4,22.0
5,62,26;15;126;39;99,25.4,24.2,24.0,26.1,24.0,24.0,24.0,24.0,24.5
5,63,43;7;97;119;48,25.5,25.2,25.0,25.3,25.0,25.0,25.0,25.0,25.5
5,64,39;55;40;20;67,25.4,24.0,25.0,23.0,25.0,24.7,24.0,23.7,23.0
5,65,33;57;24;123;62,25.6,24.4,25.0,23.9,25.0,25.0,25.0,24.7,24.0
5,66,55;18;122;37;23,25.5,23.0,24.0,22.0,24.0,23.7,23.1,22.7,22.5
5,67,87;23;46;57;44,25.4,24.0,24.0,24.0,24.0,24.0,24.0,24.0,24.0
5,68,23;98;68;112;50,25.6,24.4,24.0,23.3,24.0,24.0,24.0,24.0,25.0
5,69,126;55;89;65;33,25.6,25.0,25.0,23.2,25.0,25.0,25.0,25.0,25.0
5,70,73;46;82;98;30,25.6,24.8,25.0,24.7,25.0,25.0,25.0,25.0,25.0
5,71,33;98;73;119;50,25.8,24.0,24.0,22.8,24.0,24.0,24.0,24.0,24.0
5,72,15;80;20;83;76,25.6,23.8,24.0,24.6,24.0,24.0,24.0,24.0,24.0
5,73,55;103;62;99;24,25.3,25.0,25.0,25.5,25.0,25.0,25.0,25.0,25.0
5,74,53;94;81;33;123,25.6,24.2,24.0,23.8,24.0,24.0,24.0,24.3,24.5
5,75,122;15;14;23;61,25.3,23.8,24.0,23.1,24.0,24.0,24.0,24.0,24.0
5,76,65;94;78;83;24,25.4,25.0,25.0,25.0,25.0,25.0,25.0,25.0,25.0
5,77,123;34;94;39;23,25.5,24.8,24.0,25.9,24.0,24.0,24.5,25.0,25.5
5,78,71;78;103;73;98,25.4,24.0,24.0,24.2,24.0,24.0,24.0,24.0,24.0
5,79,18;108;61;104;55,25.5,24.4,26.0,25.0,26.0,26.0,24.0,23.3,22.5
5,80,94;44;30;73;20,25.6,24.4,25.0,24.0,25.0,25.0,24.8,24.6,24.5
5,81,75;76;18;37;68,25.8,24.0,25.0,23.7,25.4,24.1,23.9,23.2,22.5
5,82,83;110;90;65;122,25.8,22.8,22.0,23.7,22.0,22.0,22.1,22.7,23.5
5,83,65;99;30;41;104,25.7,24.4,25.0,23.4,25.0,25.0,25.0,24.5,24.0
5,84,67;108;54;126;61,25.5,24.0,25.0,23.0,25.0,24.7,24.0,23.7,23.0
5,85,90;83;75;26;116,25.9,23.8,24.0,23.0,24.0,24.0,24.0,24.0,23.5
5,86,98;18;89;58;50,25.9,23.0,24.0,22.0,24.0,23.7,23.0,22.7,22.0
5,87,20;33;54;50;23,25.6,24.6,25.0,22.6,25.0,25.0,25.0,25.0,24.5
5,88,78;19;75;89;55,25.6,25.0,25.0,23.0,25.0,25.0,25.0,25.0,25.0
5,89,123;23;99;53;43,25.7,24.2,24.0,25.1,24.0,24.0,24.0,24.0,24.5
5,90,20;37;73;43;68,25.8,24.8,25.0,24.0,25.0,25.0,25.0,25.0,24.5
5,91,43;53;98;97;81,25.8,23.8,24.0,23.5,24.0,24.0,24.0,23.9,23.5
5,92,53;83;94;30;55,25.3,24.8,25.0,25.0,25.0,25.0,25.0,25.0,25.0
5,93,65;112;98;12;62,25.5,24.4,24.0,23.1,24.0,24.0,24.0,24.0,24.5
5,94,90;51;89;48;104,25.7,25.0,25.0,24.1,25.0,25.0,25.0,25.0,25.0
5,95,123;90;61;103;54,25.5,24.6,25.0,23.0,25.0,25.0,25.0,24.9,24.5
5,96,116;20;58;7;123,25.8,24.2,24.0,23.9,24.0,24.0,24.0,24.0,24.0
5,97,55;97;83;54;98,25.6,24.4,25.0,24.6,25.0,25.0,25.0,24.5,24.0
5,98,113;12;37;97;76,25.8,25.0,25.0,25.0,25.0,25.0,25.0,25.0,25.0
5,99,18;43;82;104;54,25.7,24.2,25.0,26.5,25.9,24.7,23.9,23.2,22.5
5,100,103;37;30;82;104,25.3,25.0,25.0,23.0,25.0,25.0,25.0,25.0,25.0
5,101,26;71;75;99;18,25.8,23.0,24.0,22.0,24.0,23.7,23.0,22.7,22.0
5,102,41;40;23;61;98,25.4,24.0,24.0,25.0,24.0,24.0,24.0,24.0,24.0
5,103,104;55;48;58;23,25.3,25.2,26.0,25.0,26.0,26.0,25.8,25.4,25.0
5,104,62;23;90;58;26,25.7,23.8,24.0,24.6,24.0,24.0,24.0,24.0,24.0
5,105,98;83;110;53;90,25.6,22.8,23.0,23.7,23.0,23.0,23.0,23.0,23.0
5,106,83;113;33;30;7,25.6,24.4,25.0,24.3,25.0,25.0,25.0,24.5,24.0
5,107,54;94;50;98;67,25.6,24.2,24.0,22.2,24.0,24.0,24.0,24.0,24.0
5,108,119;94;108;110;23,25.3,24.6,24.0,25.0,24.0,24.0,24.3,24.7,25.0
5,109,44;43;51;15;89,25.7,24.0,24.0,23.3,24.0,24.0,24.0,24.0,23.5
5,110,57;80;50;14;55,25.5,23.6,23.0,23.6,23.0,23.0,23.0,23.5,24.0
5,111,68;7;97;113;65,25.8,25.2,25.0,25.3,25.0,25.0,25.0,25.0,25.0
5,112,44;65;81;40;103,25.6,23.2,24.0,22.5,24.0,24.0,23.7,23.3,23.0
5,113,62;51;80;89;40,25.4,24.0,24.0,23.0,24.0,24.0,24.0,24.0,23.5
5,114,76;50;41;68;80,25.8,24.0,24.0,25.0,24.0,24.0,24.0,24.0,24.0
5,115,90;108;44;14;7,25.6,23.2,23.0,22.7,23.0,23.0,23.0,23.0,23.0
5,116,97;81;72;71;24,25.4,23.8,25.0,22.2,25.0,25.0,24.2,23.8,23.0
5,117,119;58;123;14;67,25.7,22.8,23.0,23.0,23.0,23.0,23.0,23.0,22.0
5,118,61;103;84;50;41,25.6,23.6,24.0,23.9,24.0,24.0,24.0,23.7,23.5
5,119,37;67;62;80;72,25.2,23.2,24.0,23.0,24.0,24.0,23.5,23.1,22.5
5,120,104;68;15;112;84,25.4,24.2,24.0,23.1,24.0,24.0,24.0,24.0,23.5
5,121,80;62;15;108;72,25.2,24.2,25.0,24.9,25.0,25.0,24.9,24.3,23.5
5,122,108;46;78;54;97,25.5,25.4,25.0,27.0,25.0,25.0,25.0,25.0,26.0
5,123,83;94;18;104;58,25.7,23.6,23.0,25.0,23.0,23.0,23.4,23.5,23.5
5,124,99;81;7;119;61,25.5,23.8,24.0,23.7,24.0,24.0,24.0,24.0,23.5
5,125,65;84;97;57;83,25.9,23.2,23.0,23.3,23.0,23.0,23.0,23.0,23.0
5,126,116;23;39;119;30,25.3,24.6,25.0,25.3,25.0,25.0,25.0,25.0,24.5
5,127,126;61;19;41;65,25.6,24.2,24.0,23.8,24.0,24.0,24.0,24.0,24.0
5,128,51;14;94;112;81,25.5,24.0,24.0,23.2,24.0,24.0,24.0,24.1,24.5
5,129,30;46;68;123;41,25.7,24.8,25.0,24.5,25.0,25.0,25.0,24.9,24.5
5,130,78;76;98;26;37,25.6,24.6,24.0,25.9,24.0,24.0,24.0,24.3,25.0
5,131,104;18;110;62;87,25.3,23.4,25.0,24.2,25.0,23.8,23.2,22.9,22.5
5,132,19;37;51;104;87,25.5,24.6,24.0,23.4,24.0,24.0,24.0,24.3,25.0
5,133,30;43;113;82;51,25.8,25.2,25.0,24.8,25.0,25.0,25.0,25.0,25.0
5,134,99;19;108;62;61,25.7,24.8,25.0,26.9,25.0,25.0,25.0,25.0,25.0
5,135,81;97;104;15;112,25.5,24.0,24.0,23.0,24.0,24.0,24.0,24.0,23.5
5,136,65;126;61;78;30,25.3,25.0,25.0,25.4,25.0,25.0,25.0,25.0,25.0
5,137,80;14;19;53;110,25.3,22.8,23.0,22.4,23.0,23.0,23.0,23.0,23.0
5,138,123;98;82;40;53,25.6,24.0,24.0,25.9,24.0,24.0,24.0,24.0,24.0
5,139,61;116;119;89;72,25.4,25.0,25.0,25.3,25.0,25.0,25.0,25.0,25.0
5,140,103;39;75;99;83,25.7,24.2,25.0,23.1,25.0,25.0,24.9,24.3,23.5
5,141,12;113;44;87;48,25.6,24.6,25.0,24.0,25.0,25.0,24.8,24.4,24.0
5,142,87;122;54;62;73,25.5,24.0,25.0,24.0,25.0,25.0,24.7,24.2,23.5
5,143,113;80;71;110;108,25.4,23.6,23.0,23.5,23.0,23.0,23.1,23.5,24.0
5,144,33;104;82;39;44,25.6,24.4,25.0,23.7,25.0,25.0,25.0,24.4,23.5
5,145,24;71;23;116;108,25.4,24.4,25.0,23.5,25.0,25.0,25.0,24.7,24.0
5,146,26;68;108;61;72,25.6,25.2,25.0,23.9,25.0,25.0,25.0,25.0,25.0
5,147,89;54;14;80;81,25.5,23.2,23.0,22.4,23.0,23.0,23.0,23.0,23.0
5,148,67;41;78;82;44,25.8,22.6,22.0,22.5,22.0,22.0,22.1,22.5,22.5
5,149,15;40;51;20;58,25.6,24.0,24.0,25.4,24.0,24.0,24.0,24.0,24.0
5,150,48;90;39;84;87,25.5,24.2,25.0,24.0,25.0,25.0,24.6,24.2,24.0
5,151,68;62;44;112;67,25.6,23.2,24.0,23.0,24.0,24.0,23.5,23.2,23.0
5,152,48;126;14;46;41,25.3,24.6,24.0,24.7,24.0,24.0,24.1,24.5,24.5
5,153,71;7;76;89;108,25.6,24.6,25.0,25.8,25.0,25.0,25.0,24.9,24.5
5,154,123;44;82;39;40,25.6,23.8,24.0,22.2,24.0,24.0,24.0,24.0,23.0
5,155,82;48;26;30;78,25.5,25.2,25.0,24.2,25.0,25.0,25.0,25.0,25.5
5,156,103;126;94;46;112,25.0,25.6,25.0,25.7,25.0,25.0,25.1,25.5,26.0
5,157,40;23;90;104;97,25.5,24.4,24.0,24.8,24.0,24.0,24.0,24.1,24.5
5,158,126;104;33;81;44,25.6,23.4,24.0,24.0,24.0,24.0,23.9,23.5,23.5
5,159,110;19;89;126;58,25.6,23.6,24.0,22.2,24.0,24.0,24.0,23.9,23.5
5,160,20;75;55;84;12,25.7,24.2,25.0,23.6,25.0,25.0,24.5,24.0,23.5
5,161,90;40;50;51;7,25.7,23.8,24.0,25.0,24.0,24.0,24.0,24.0,23.5
5,162,26;123;80;44;34,25.7,22.8,23.0,21.2,23.0,23.0,23.0,23.0,22.5
5,163,33;15;67;58;39,25.6,23.4,24.0,22.2,24.0,24.0,23.6,23.2,22.5
5,164,81;61;104;51;33,25.6,24.4,25.0,23.0,25.0,25.0,24.6,24.2,23.5
5,165,23;90;41;78;58,25.7,23.4,23.0,23.8,23.0,23.0,23.0,23.1,23.5
5,166,90;72;94;26;67,25.6,24.0,24.0,25.3,24.0,24.0,24.0,24.0,24.0
5,167,81;103;50;12;113,25.8,24.0,24.0,23.2,24.0,24.0,24.0,24.0,23.5
5,168,50;44;90;23;73,25.8,23.0,23.0,24.0,23.0,23.0,23.0,23.0,22.5
5,169,113;34;75;78;33,25.8,24.8,25.0,24.1,25.0,25.0,25.0,25.0,24.5
5,170,108;97;53;99;72,25.7,24.4,25.0,25.6,25.0,25.0,25.0,24.7,24.0
5,171,55;44;112;78;122,25.4,23.6,24.0,24.0,24.0,24.0,24.0,23.7,23.5
5,172,123;53;43;41;103,25.6,24.0,24.0,24.0,24.0,24.0,24.0,24.0,24.0
5,173,99;65;71;40;34,25.6,23.8,24.0,22.9,24.0,24.0,24.0,24.0,24.0
5,174,72;12;23;65;116,25.6,24.6,25.0,23.3,25.0,25.0,25.0,25.0,24.5
5,175,71;76;104;43;83,25.6,24.6,26.0,25.0,26.0,25.8,25.1,24.6,24.0
5,176,53;103;89;108;26,25.6,24.4,25.0,23.8,25.0,25.0,25.0,24.7,24.0
5,177,19;84;72;55;51,25.6,24.0,24.0,23.1,24.0,24.0,24.0,24.0,23.5
5,178,15;14;104;26;54,25.2,24.4,24.0,23.2,24.0,24.0,24.0,24.1,24.5
5,179,72;46;7;80;37,25.0,24.4,24.0,24.4,24.0,24.0,24.0,24.2,24.5
5,180,110;99;58;53;87,25.4,23.4,23.0,22.1,23.0,23.0,23.0,23.1,23.5
5,181,76;26;108;83;44,25.9,23.6,24.0,23.6,24.0,24.0,24.0,23.7,23.5
5,182,50;126;41;110;34,25.6,23.0,23.0,23.2,23.0,23.0,23.0,23.0,23.0
5,183,41;51;55;61;83,25.7,24.0,24.0,24.3,24.0,24.0,24.0,24.0,24.0
5,184,97;18;122;82;23,25.9,23.0,24.0,22.0,24.0,23.7,23.0,22.6,22.0
5,185,61;90;65;20;71,25.6,24.4,25.0,24.0,25.0,25.0,25.0,24.7,24.5
5,186,65;14;62;24;72,25.2,24.6,25.0,25.9,25.0,25.0,25.0,25.0,24.0
5,187,57;43;78;104;46,25.4,25.4,26.0,25.7,26.0,26.0,26.0,25.5,25.0
5,188,113;15;97;24;71,25.4,24.6,25.0,24.6,25.0,25.0,25.0,24.9,24.5
5,189,89;7;113;123;108,25.8,24.8,25.0,24.5,25.0,25.0,25.0,25.0,25.0
5,190,73;14;80;90;87,25.5,23.2,23.0,24.2,23.0,23.0,23.0,23.0,23.5
5,191,41;123;12;39;104,25.6,24.2,24.0,24.9,24.0,24.0,24.0,24.0,24.0
5,192,50;57;110;119;23,25.5,23.4,24.0,24.3,24.0,24.0,24.0,23.7,23.0
5,193,113;23;40;67;82,25.7,23.8,24.0,23.0,24.0,24.0,24.0,23.7,23.0
5,194,24;94;55;12;57,25.4,25.2,25.0,25.4,25.0,25.0,25.0,25.1,25.5
5,195,81;51;112;108;50,25.8,23.6,24.0,23.5,24.0,24.0,24.0,24.0,23.0
5,196,18;24;33;51;67,25.8,22.6,24.0,22.0,24.0,23.3,22.7,22.4,22.0
5,197,110;126;39;61;112,25.0,24.2,24.0,23.3,24.0,24.0,24.0,24.0,24.0
5,198,108;39;33;116;72,25.6,25.0,25.0,28.0,25.0,25.0,25.0,25.0,25.0
5,199,108;80;34;41;61,25.6,23.6,23.0,23.1,23.0,23.0,23.1,23.5,24.0
5,200,61;51;41;58;119,25.7,23.8,24.0,24.7,24.0,24.0,24.0,24.0,24.0
5,201,80;34;53;44;113,25.6,23.0,23.0,23.5,23.0,23.0,23.0,23.0,23.5
5,202,98;75;84;67;58,25.9,22.6,23.0,22.7,23.0,23.0,23.0,22.7,22.5
5,203,43;122;65;83;34,25.9,23.6,23.0,24.8,23.0,23.0,23.1,23.5,24.0
5,204,14;123;108;99;78,25.7,24.2,24.0,25.3,24.0,24.0,24.0,24.0,24.0
5,205,104;94;34;43;44,25.6,24.8,26.0,23.2,26.0,25.6,25.0,24.7,24.5
5,206,72;58;61;108;20,25.6,24.8,25.0,25.9,25.0,25.0,25.0,25.0,24.5
5,207,94;61;46;89;34,25.4,25.8,26.0,25.0,26.0,26.0,26.0,25.9,25.5
5,208,99;75;18;30;81,25.8,22.8,24.0,22.0,24.0,23.5,22.9,22.5,22.0
5,209,119;72;113;53;80,25.3,24.0,24.0,23.9,24.0,24.0,24.0,24.0,24.0
5,210,58;40;87;126;55,25.2,24.4,24.0,23.6,24.0,24.0,24.0,24.1,24.5
5,211,18;67;61;48;112,25.5,23.2,24.0,26.3,24.0,23.7,23.3,23.1,23.0
5,212,83;37;104;98;110,25.4,23.6,24.0,23.2,24.0,24.0,24.0,23.9,24.0
5,213,44;41;24;53;126,25.4,23.0,23.0,22.0,23.0,23.0,23.0,23.0,23.0
5,214,104;123;81;122;41,25.9,23.0,22.0,23.1,22.0,22.0,22.6,23.1,23.5
5,215,41;94;55;7;65,25.4,25.0,25.0,25.0,25.0,25.0,25.0,25.0,25.0
5,216,103;24;19;57;23,25.4,24.2,24.0,25.6,24.0,24.0,24.0,24.0,24.0
5,217,71;20;15;54;12,25.4,24.2,24.0,23.3,24.0,24.0,24.0,24.0,24.0
5,218,94;116;108;78;76,25.6,25.8,25.0,27.1,25.0,25.0,25.1,25.7,26.5
5,219,84;71;87;51;80,25.4,23.0,23.0,24.0,23.0,23.0,23.0,23.0,23.0
5,220,39;126;7;71;81,25.3,23.4,24.0,22.1,24.0,24.0,24.0,23.5,23.0
5,221,43;110;90;50;33,25.8,24.0,24.0,24.6,24.0,24.0,24.0,24.0,24.0
5,222,122;24;99;84;73,25.8,23.0,23.0,22.9,23.0,23.0,23.0,23.0,23.0
5,223,113;90;40;65;53,25.6,24.2,24.0,25.0,24.0,24.0,24.0,24.0,24.5
5,224,12;23;55;99;68,25.7,24.8,24.0,24.1,24.0,24.0,24.0,24.5,25.0
5,225,99;116;103;43;26,25.7,24.8,25.0,23.6,25.0,25.0,25.0,25.0,25.0
5,226,73;123;99;37;58,25.8,23.6,24.0,21.4,24.0,24.0,24.0,24.0,23.5
5,227,30;94;43;65;103,25.4,25.8,25.0,27.8,25.0,25.0,25.1,25.7,26.5
5,228,23;75;110;24;83,25.4,23.6,24.0,22.4,24.0,24.0,24.0,23.8,23.5
5,229,30;73;57;76;81,25.8,23.6,23.0,23.7,23.0,23.0,23.0,23.4,23.5
5,230,54;26;39;50;34,25.6,24.2,24.0,25.3,24.0,24.0,24.0,24.0,24.0
5,231,33;46;87;26;57,25.5,24.8,25.0,25.7,25.0,25.0,25.0,25.0,25.0
5,232,44;104;55;122;65,25.6,24.0,25.0,24.0,25.0,25.0,24.3,24.0,23.5
5,233,80;81;37;84;51,25.6,22.4,22.0,22.1,22.0,22.0,22.0,22.2,22.5
5,234,78;81;84;20;46,25.6,23.8,25.0,24.0,25.0,24.8,24.2,23.9,24.0
5,235,62;58;34;15;76,25.6,24.2,24.0,26.0,24.0,24.0,24.0,24.0,24.5
5,236,90;84;97;26;122,26.0,23.0,23.0,22.3,23.0,23.0,23.0,23.0,23.0
5,237,14;87;54;26;19,25.4,24.2,24.0,22.3,24.0,24.0,24.0,24.0,24.0
5,238,112;53;54;84;83,25.4,23.0,23.0,23.9,23.0,23.0,23.0,23.0,23.0
5,239,83;46;82;76;12,25.8,24.8,25.0,24.2,25.0,25.0,25.0,24.9,24.5
5,240,44;113;122;41;112,25.8,23.0,22.0,23.4,22.0,22.0,22.6,23.1,23.5
5,241,39;89;23;54;67,25.5,23.8,25.0,22.3,25.0,24.6,24.0,23.6,22.5
5,242,37;71;72;34;123,25.4,23.8,24.0,24.9,24.0,24.0,24.0,24.0,24.0
5,243,30;112;87;7;34,25.2,24.2,24.0,25.3,24.0,24.0,24.0,24.0,24.0
5,244,76;122;23;73;62,25.7,24.0,24.0,23.4,24.0,24.0,24.0,24.0,24.0
5,245,48;14;54;20;76,25.5,25.2,25.0,25.5,25.0,25.0,25.0,25.0,25.0
5,246,34;19;7;23;12,25.6,23.8,24.0,25.0,24.0,24.0,24.0,24.0,23.5
5,247,90;51;57;103;116,25.8,24.0,24.0,24.6,24.0,24.0,24.0,24.0,24.0
5,248,14;119;73;51;75,25.7,23.8,24.0,25.1,24.0,24.0,24.0,24.0,24.0
5,249,89;76;57;34;97,25.9,24.4,25.0,24.6,25.0,25.0,25.0,24.7,24.5
5,250,113;97;37;87;84,25.6,24.2,25.0,24.0,25.0,25.0,24.5,24.0,23.5
5,251,98;104;122;41;103,25.7,23.8,24.0,24.5,24.0,24.0,24.0,24.0,24.0
5,252,14;7;126;57;112,25.2,23.6,24.0,25.2,24.0,24.0,24.0,24.0,23.5
5,253,84;40;78;12;50,25.6,23.6,24.0,22.9,24.0,24.0,24.0,24.0,23.0
5,254,15;65;119;116;14,25.4,24.2,24.0,22.1,24.0,24.0,24.0,24.0,24.0
5,255,112;67;40;87;99,25.4,23.4,24.0,22.5,24.0,24.0,24.0,23.4,22.5
5,256,65;30;71;83;113,25.6,24.2,25.0,23.4,25.0,25.0,24.8,24.4,24.0
5,257,62;61;98;113;14,25.4,24.8,25.0,23.9,25.0,25.0,25.0,25.0,24.5
5,258,44;126;90;54;7,25.4,23.4,24.0,23.8,24.0,24.0,24.0,23.5,23.0
5,259,89;62;112;116;54,25.4,24.8,25.0,24.5,25.0,25.0,25.0,25.0,24.5
5,260,103;54;62;44;97,25.4,24.2,25.0,23.5,25.0,25.0,25.0,24.3,23.0
5,261,23;61;99;48;126,25.3,25.0,24.0,24.5,24.0,24.0,24.3,24.8,25.5
5,262,71;57;50;14;112,25.4,23.4,23.0,21.0,23.0,23.0,23.0,23.0,23.5
5,263,68;122;46;81;116,25.8,24.2,25.0,24.0,25.0,25.0,24.5,24.2,24.0
5,264,7;40;116;119;15,25.2,24.2,24.0,22.7,24.0,24.0,24.0,24.0,24.5
5,265,23;53;103;73;57,25.5,23.6,23.0,23.7,23.0,23.0,23.0,23.3,24.0
5,266,34;110;24;54;33,25.4,24.0,25.0,22.9,25.0,25.0,24.7,24.2,23.5
5,267,12;54;80;46;14,25.3,24.2,24.0,24.6,24.0,24.0,24.0,24.1,24.5
5,268,71;97;57;15;72,25.4,24.0,24.0,23.4,24.0,24.0,24.0,24.0,24.0
5,269,43;75;99;61;103,25.6,25.2,25.0,23.1,25.0,25.0,25.0,25.0,25.0
5,270,75;67;68;12;43,25.9,24.2,25.0,23.0,25.0,24.8,24.1,23.8,23.0
5,271,119;94;15;54;97,25.3,25.2,25.0,26.3,25.0,25.0,25.0,25.0,26.0
5,272,68;51;20;26;104,25.8,25.0,25.0,27.0,25.0,25.0,25.0,25.0,25.0
5,273,94;119;19;37;104,25.3,25.2,24.0,25.2,24.0,24.0,24.8,25.2,26.0
5,274,72;34;119;81;97,25.6,23.6,24.0,23.0,24.0,24.0,24.0,23.6,23.0
5,275,122;51;41;73;15,25.8,23.0,23.0,24.2,23.0,23.0,23.0,23.0,23.0
5,276,98;57;62;76;65,25.7,24.6,25.0,23.5,25.0,25.0,25.0,24.9,24.5
5,277,103;110;46;72;48,25.1,25.2,25.0,24.3,25.0,25.0,25.0,25.0,24.5
5,278,119;40;123;37;73,25.5,23.8,24.0,22.7,24.0,24.0,24.0,24.0,23.5
5,279,116;44;119;18;103,25.6,22.8,24.0,22.0,24.0,23.5,22.9,22.5,22.0
5,280,122;12;55;82;73,25.8,24.0,24.0,24.1,24.0,24.0,24.0,24.0,24.0
5,281,98;57;43;44;94,25.7,24.4,24.0,23.3,24.0,24.0,24.1,24.4,24.5
5,282,33;83;112;116;58,25.8,23.8,24.0,22.0,24.0,24.0,24.0,24.0,23.5
5,283,68;73;40;75;122,25.8,24.0,24.0,24.5,24.0,24.0,24.0,24.0,24.0
5,284,116;75;83;108;89,25.9,24.4,25.0,22.4,25.0,25.0,25.0,25.0,23.5
5,285,97;23;104;58;51,25.7,24.4,24.0,24.2,24.0,24.0,24.0,24.1,24.5
5,286,43;112;46;68;119,25.4,25.4,26.0,24.4,26.0,26.0,26.0,25.7,25.5
5,287,41;126;73;12;110,25.6,23.0,23.0,22.1,23.0,23.0,23.0,23.0,23.0
5,288,37;18;23;65;55,25.5,23.6,24.0,25.6,24.0,24.0,23.8,23.0,22.5
5,289,81;58;72;20;94,25.6,24.4,25.0,25.2,25.0,25.0,24.8,24.6,24.5
5,290,76;68;40;67;110,25.6,23.6,24.0,23.0,24.0,24.0,23.8,23.4,23.0
5,291,71;18;84;98;23,25.6,22.2,23.0,21.2,23.0,23.0,22.5,22.1,21.5
5,292,83;33;67;80;55,25.6,23.0,22.0,23.0,22.0,22.0,22.6,22.9,23.0
5,293,61;116;57;119;41,25.6,24.0,24.0,24.8,24.0,24.0,24.0,24.0,24.0
5,294,46;37;7;20;61,25.2,25.2,25.0,26.5,25.0,25.0,25.0,25.0,25.5
5,295,82;51;39;67;89,25.8,23.8,25.0,22.4,25.0,24.6,24.0,23.6,22.5
5,296,57;7;53;44;122,25.6,22.6,23.0,23.9,23.0,23.0,23.0,22.9,22.5
5,297,23;119;24;110;98,25.2,23.8,24.0,22.9,24.0,24.0,24.0,24.0,23.5
5,298,75;87;50;73;62,25.6,24.4,25.0,22.0,25.0,25.0,25.0,24.7,24.0
5,299,24;26;58;62;50,25.6,24.2,24.0,24.1,24.0,24.0,24.0,24.0,24.0
6,0,23;78;84;18;113;75,25.7,23.333,24.5,22.0,25.0,24.0,23.4,22.9,22.5
6,1,108;65;14;12;83;75,25.8,24.0,24.5,23.2,24.6,24.0,24.0,24.0,23.5
6,2,57;50;112;116;113;20,25.8,24.5,24.5,25.4,24.1,24.5,24.5,24.5,24.5
6,3,99;82;24;122;72;126,25.6,24.167,24.5,22.2,24.4,24.1,24.1,24.0,23.5
6,4,44;84;20;71;30;34,25.6,23.0,23.0,22.2,23.0,23.0,23.0,23.0,23.0
6,5,26;68;30;50;97;48,25.7,25.167,25.0,26.3,25.0,25.0,25.0,25.0,25.5
6,6,44;53;87;73;122;12,25.6,23.0,23.0,22.8,23.0,23.0,23.0,23.0,23.0
6,7,84;55;53;39;76;103,25.4,24.333,25.0,23.2,25.0,25.0,25.0,24.3,23.5
6,8,119;14;44;18;112;97,25.5,22.667,23.5,22.0,23.4,23.0,23.0,22.5,22.0
6,9,82;14;7;116;99;94,25.6,24.833,24.5,25.8,24.6,25.0,25.0,25.0,25.5
6,10,41;33;20;53;113;97,25.8,24.333,25.0,23.5,25.0,25.0,25.0,24.6,24.0
6,11,30;39;7;126;75;80,25.2,24.167,24.5,23.7,24.4,24.1,24.1,24.0,23.5
6,12,76;75;112;103;113;119,25.5,25.0,25.0,23.2,25.0,25.0,25.0,25.0,25.0
6,13,51;30;103;54;90;104,25.5,24.667,25.0,25.2,25.0,25.0,25.0,25.0,24.5
6,14,33;83;122;23;30;108,25.7,23.833,24.5,22.6,24.0,24.0,24.0,24.0,23.5
6,15,14;123;108;103;44;122,25.7,23.333,23.5,22.3,23.7,23.3,23.3,23.3,23.0
6,16,72;33;80;75;51;84,25.7,23.667,24.5,22.1,24.3,24.0,24.0,23.8,23.0
6,17,76;26;104;58;40;87,25.5,24.667,24.5,25.5,25.0,24.7,24.7,24.7,24.5
6,18,72;116;112;80;48;54,25.2,24.667,25.0,24.1,25.0,25.0,25.0,25.0,24.5
6,19,76;44;46;87;126;80,25.3,24.167,24.5,24.0,24.9,24.1,24.1,24.1,24.0
6,20,50;112;108;46;104;24,25.4,25.167,25.0,26.9,25.0,25.0,25.0,25.0,25.5
6,21,99;44;84;104;15;50,25.7,23.333,24.0,23.5,24.0,24.0,24.0,23.6,23.5
6,22,98;55;84;41;71;116,25.6,23.5,23.5,23.7,23.7,23.5,23.5,23.5,23.5
6,23,104;81;44;119;26;57,25.6,23.167,23.5,23.0,23.0,23.2,23.2,23.2,23.5
6,24,55;103;15;122;61;97,25.4,24.667,25.0,23.5,25.0,25.0,25.0,24.9,24.0
6,25,23;119;116;80;40;26,25.4,23.833,24.0,23.6,24.0,24.0,24.0,24.0,23.5
6,26,82;24;40;41;112;62,25.4,24.167,24.5,23.2,24.9,24.1,24.1,24.0,23.5
6,27,110;40;53;116;87;62,25.2,24.0,24.5,22.1,25.0,24.0,24.0,24.0,23.5
6,28,37;89;108;18;55;50,25.7,23.833,24.5,27.0,25.0,24.0,24.0,23.1,22.5
6,29,67;41;7;94;122;43,25.7,23.667,23.0,25.0,22.0,23.8,23.9,23.9,24.0
6,30,87;57;41;43;71;34,25.6,23.667,23.0,23.8,23.0,23.0,23.0,23.4,24.0
6,31,112;104;90;30;7;33,25.4,24.5,24.5,25.8,24.6,24.5,24.5,24.5,24.5
6,32,67;44;50;99;34;20,25.9,22.833,23.5,22.4,23.4,23.0,23.0,23.0,22.5
6,33,43;82;51;39;90;89,25.9,24.667,25.0,23.2,25.0,25.0,25.0,25.0,24.5
6,34,104;89;84;116;12;37,25.6,24.167,24.5,23.9,24.8,24.0,24.0,24.0,23.5
6,35,55;126;57;112;14;97,25.4,24.167,24.0,25.9,24.0,24.0,24.0,24.0,24.5
6,36,71;58;82;40;48;7,25.4,24.333,24.0,25.5,24.0,24.0,24.0,24.1,25.0
6,37,43;119;82;122;110;104,25.6,24.167,24.5,24.3,24.3,24.1,24.1,24.1,24.0
6,38,73;48;14;43;119;123,25.6,24.5,24.0,25.9,24.0,24.0,24.0,24.3,25.0
6,39,104;110;113;99;30;24,25.4,24.667,25.0,24.4,25.0,25.0,25.0,24.9,24.0
6,40,24;81;51;119;89;84,25.7,23.333,24.0,22.5,24.0,24.0,24.0,23.5,23.0
6,41,48;73;80;62;65;119,25.4,24.333,24.5,24.8,24.8,24.4,24.4,24.4,24.5
6,42,103;112;43;84;104;24,25.4,24.5,25.0,23.6,25.0,25.0,25.0,24.4,23.5
6,43,55;108;50;71;82;76,25.7,24.833,25.0,25.6,25.0,25.0,25.0,25.0,24.5
6,44,19;12;30;94;53;90,25.6,24.5,24.0,25.2,24.0,24.0,24.0,24.6,25.5
6,45,104;97;43;40;12;73,25.7,24.667,24.5,25.4,24.7,24.7,24.7,24.7,24.5
6,46,126;34;122;87;15;71,25.4,23.5,23.5,24.0,23.6,23.5,23.5,23.5,23.5
6,47,40;30;104;54;81;46,25.3,24.667,25.0,24.0,25.0,25.0,25.0,24.5,24.0
6,48,39;84;89;116;53;112,25.5,23.833,24.5,22.3,24.2,24.0,24.0,24.0,23.0
6,49,18;58;83;12;103;30,25.7,23.0,23.5,22.0,24.0,23.0,23.0,22.7,22.0
6,50,122;15;76;99;83;30,25.7,23.833,24.0,24.8,24.0,24.0,24.0,24.0,24.0
6,51,78;126;18;76;26;84,25.7,23.167,24.0,23.8,24.0,24.0,23.4,22.9,22.5
6,52,57;67;15;112;55;99,25.5,23.5,24.0,23.0,24.0,24.0,24.0,23.4,23.0
6,53,98;48;65;54;78;26,25.5,25.0,25.0,26.9,25.0,25.0,25.0,25.0,25.5
6,54,55;75;89;108;76;26,25.8,25.167,25.0,24.7,25.0,25.0,25.0,25.0,25.0
6,55,78;18;68;87;62;26,25.5,24.0,25.0,25.4,25.0,24.4,24.0,23.2,22.5
6,56,65;18;61;123;76;90,25.9,23.833,24.5,25.2,25.0,24.0,23.7,23.1,22.5
6,57,50;41;94;68;89;81,25.8,24.333,24.5,23.5,24.8,24.4,24.4,24.4,24.5
6,58,43;61;123;89;112;50,25.7,24.833,24.5,27.0,24.4,24.8,24.9,24.9,25.0
6,59,75;110;99;55;97;58,25.7,24.167,24.5,24.7,25.0,24.1,24.1,24.1,24.0
6,60,33;87;116;57;97;81,25.8,24.0,25.0,23.6,25.0,25.0,24.8,24.1,23.0
6,61,84;122;51;30;15;14,25.6,23.167,23.5,23.6,23.3,23.1,23.1,23.1,23.0
6,62,108;80;89;94;39;87,25.4,25.0,25.0,25.0,25.0,25.0,25.0,25.0,25.0
6,63,62;61;68;108;78;34,25.5,25.0,25.0,24.0,25.0,25.0,25.0,25.0,24.5
6,64,54;33;23;122;61;113,25.6,24.667,25.0,23.9,25.0,25.0,25.0,24.9,24.0
6,65,126;57;39;110;62;97,25.4,24.0,24.5,22.6,24.6,24.0,24.0,24.0,23.5
6,66,81;126;94;116;23;83,25.6,24.0,24.0,22.3,24.0,24.0,24.0,24.2,24.5
6,67,98;89;83;15;53;99,25.7,23.667,24.0,23.4,24.0,24.0,24.0,24.0,23.5
6,68,54;26;34;48;33;41,25.6,24.333,24.5,24.6,24.6,24.4,24.4,24.4,24.5
6,69,62;97;122;41;15;40,25.6,23.667,24.0,24.3,24.0,24.0,24.0,24.0,23.5
6,70,83;50;123;81;94;61,25.7,24.167,24.0,23.4,24.0,24.0,24.0,24.2,24.5
6,71,57;87;73;20;112;113,25.6,24.333,24.5,25.9,24.2,24.3,24.3,24.3,24.5
6,72,44;20;46;72;7;65,25.5,24.5,25.0,24.0,25.0,25.0,25.0,24.4,24.0
6,73,53;113;90;94;112;48,25.4,25.167,25.0,25.1,25.2,25.2,25.2,25.2,25.5
6,74,97;37;73;113;83;26,25.8,24.0,24.0,24.2,24.0,24.0,24.0,24.0,24.0
6,75,43;26;55;89;7;108,25.6,25.0,25.0,25.6,25.0,25.0,25.0,25.0,25.0
6,76,24;58;7;76;108;71,25.5,24.333,24.5,25.1,24.9,24.3,24.3,24.3,24.5
6,77,23;44;80;68;73;76,25.7,23.667,23.5,23.7,23.7,23.7,23.7,23.7,23.5
6,78,113;34;98;48;87;73,25.6,24.667,24.5,25.3,24.0,24.7,24.7,24.7,25.0
6,79,20;84;80;30;39;23,25.4,23.667,24.5,22.3,24.2,24.0,24.0,23.8,23.0
6,80,78;72;24;23;55;19,25.2,24.833,25.0,23.4,25.0,25.0,25.0,25.0,25.0
6,81,30;55;78;19;39;87,25.3,25.0,25.0,25.1,25.0,25.0,25.0,25.0,25.0
6,82,122;57;53;24;37;126,25.4,23.5,23.5,22.1,23.0,23.5,23.5,23.5,23.5
6,83,14;110;23;54;104;12,25.3,24.0,24.0,23.7,24.0,24.0,24.0,24.0,24.0
6,84,23;119;98;89;12;123,25.7,24.167,24.0,26.7,24.0,24.0,24.0,24.0,24.5
6,85,82;112;53;30;39;126,25.3,24.333,24.5,24.0,24.9,24.3,24.3,24.3,24.0
6,86,78;83;65;110;61;48,25.4,24.5,25.0,24.5,25.0,25.0,25.0,24.7,24.5
6,87,99;104;53;48;58;81,25.6,24.0,23.5,24.0,23.7,24.0,24.0,24.0,24.0
6,88,99;75;71;30;103;89,25.6,24.5,25.0,22.3,25.0,25.0,25.0,25.0,24.0
6,89,113;12;73;62;82;87,25.7,24.667,25.0,23.4,25.0,25.0,25.0,25.0,24.5
6,90,44;57;82;40;62;94,25.5,24.333,24.5,23.1,24.9,24.4,24.4,24.4,24.5
6,91,19;57;68;67;72;90,25.9,23.5,23.5,23.0,23.7,23.4,23.3,23.2,23.0
6,92,48;50;87;90;82;61,25.6,25.0,25.0,25.0,25.0,25.0,25.0,25.0,25.0
6,93,7;110;126;24;26;41,25.3,23.5,24.0,23.3,24.0,24.0,24.0,24.0,23.5
6,94,110;89;103;90;40;62,25.4,24.0,24.5,22.3,24.4,24.0,24.0,24.0,23.5
6,95,46;53;67;43;123;15,25.5,24.0,24.0,24.7,24.0,24.0,24.0,23.8,23.5
6,96,39;65;68;110;41;33,25.6,24.167,25.0,23.9,25.0,25.0,25.0,24.4,24.0
6,97,23;30;90;53;43;37,25.4,24.167,24.0,25.7,24.0,24.0,24.0,24.0,24.5
6,98,89;53;97;19;51;99,25.9,24.167,24.0,22.7,24.0,24.0,24.0,24.0,24.0
6,99,68;34;84;97;94;87,25.7,24.667,25.0,25.1,25.0,25.0,25.0,24.7,24.5
6,100,41;112;50;44;119;67,25.7,22.5,23.0,22.8,23.3,22.4,22.4,22.4,22.0
6,101,67;14;46;99;34;110,25.5,23.167,23.0,22.8,23.0,23.0,23.0,23.2,23.5
6,102,15;71;18;80;122;112,25.4,22.333,22.5,21.9,22.6,22.2,22.1,22.0,21.5
6,103,57;54;72;41;116;98,25.6,24.0,24.5,24.0,24.0,24.0,24.0,24.0,23.5
6,104,94;37;110;68;26;98,25.5,24.667,24.0,25.0,24.0,24.0,24.0,24.6,25.0
6,105,82;78;73;98;76;14,25.7,24.333,24.5,25.4,24.9,24.3,24.3,24.3,24.5
6,106,26;39;78;40;122;68,25.5,24.333,24.5,23.9,24.0,24.3,24.3,24.2,24.0
6,107,119;61;81;104;87;82,25.4,24.5,25.0,24.0,25.0,25.0,25.0,24.4,23.5
6,108,123;73;72;41;119;84,25.7,23.167,23.5,23.5,24.0,23.1,23.1,23.1,23.0
6,109,46;75;44;99;71;84,25.7,23.5,23.5,24.0,24.0,23.6,23.6,23.7,24.0
6,110,18;67;20;51;62;80,25.7,22.5,23.0,22.0,23.5,22.4,22.3,22.3,22.0
6,111,82;89;71;54;24;68,25.5,24.833,25.0,24.0,25.0,25.0,25.0,25.0,24.5
6,112,99;26;119;37;87;89,25.5,24.333,24.0,24.5,24.0,24.0,24.0,24.0,24.5
6,113,14;15;67;94;68;37,25.4,24.167,24.0,25.5,24.0,24.0,24.0,24.0,24.0
6,114,104;57;87;122;14;24,25.4,24.0,24.0,23.1,23.1,24.0,24.0,24.0,24.0
6,115,90;34;83;37;73;97,25.9,23.333,23.0,22.2,23.0,23.0,23.0,23.0,23.5
6,116,20;97;103;61;65;41,25.7,24.667,25.0,23.3,25.0,25.0,25.0,25.0,24.0
6,117,46;94;40;104;75;126,25.2,25.667,25.5,25.6,25.9,25.7,25.7,25.7,26.0
6,118,54;41;73;20;104;7,25.5,24.167,24.5,23.6,24.8,24.1,24.1,24.1,24.0
6,119,19;26;71;39;48;18,25.5,23.667,24.0,25.3,24.0,24.0,23.7,23.2,23.0
6,120,126;67;123;19;57;76,25.8,23.5,24.0,23.0,24.0,24.0,24.0,23.4,23.0
6,121,126;48;33;14;112;7,25.2,24.5,24.0,25.0,24.0,24.0,24.0,24.2,25.0
6,122,39;82;81;43;46;58,25.7,24.5,25.0,24.0,25.0,25.0,25.0,24.4,24.0
6,123,14;89;51;7;103;104,25.4,24.5,24.5,24.9,24.3,24.5,24.5,24.5,24.5
6,124,112;126;15;104;82;73,25.4,24.333,24.0,24.0,24.0,24.0,24.0,24.0,24.5
6,125,34;62;113;57;51;122,25.8,23.833,23.5,24.1,23.5,23.9,23.9,23.9,24.0
6,126,46;81;33;20;126;110,25.5,24.0,24.5,24.0,24.7,24.0,24.0,24.0,24.0
6,127,83;54;26;123;23;33,25.7,24.0,24.0,22.4,24.0,24.0,24.0,24.0,23.5
6,128,57;68;24;81;97;12,25.8,24.0,24.5,23.2,24.7,24.0,24.0,24.0,23.5
6,129,7;122;44;39;62;83,25.5,23.167,23.0,22.9,22.9,23.2,23.2,23.2,23.0
6,130,108;65;23;44;34;116,25.8,23.833,24.5,22.9,24.6,24.0,24.0,24.0,23.0
6,131,71;108;94;34;82;98,25.6,24.667,24.5,25.6,25.0,24.8,24.9,25.0,25.5
6,132,53;26;68;104;7;90,25.6,24.333,24.0,24.0,24.0,24.0,24.0,24.0,24.5
6,133,68;98;81;39;23;82,25.7,24.167,24.5,23.8,24.7,24.0,24.0,24.0,23.5
6,134,48;61;84;98;23;54,25.4,24.5,24.5,24.0,24.8,24.4,24.3,24.2,24.0
6,135,119;51;73;80;54;44,25.5,23.167,23.5,22.1,23.0,23.1,23.1,23.1,23.0
6,136,81;33;23;84;67;83,25.8,22.167,21.5,22.2,21.2,22.0,22.0,22.0,22.5
6,137,68;104;89;34;7;112,25.5,24.667,24.5,24.5,24.3,24.7,24.7,24.7,24.5
6,138,26;83;18;84;40;54,25.7,22.5,23.0,22.0,23.2,22.4,22.3,22.2,22.0
6,139,104;33;87;78;68;61,25.4,25.5,25.5,26.1,25.1,25.5,25.5,25.5,25.5
6,140,58;80;51;55;82;68,25.7,24.333,24.5,23.2,24.9,24.3,24.3,24.3,24.0
6,141,123;97;103;53;33;40,25.5,24.333,24.5,22.6,24.4,24.3,24.3,24.3,24.0
6,142,90;39;71;61;40;76,25.4,24.5,24.5,25.9,24.0,24.5,24.5,24.5,24.5
6,143,87;33;50;126;55;73,25.5,24.5,24.5,23.8,24.8,24.5,24.5,24.5,24.5
6,144,76;99;37;71;41;119,25.6,23.833,24.0,23.5,24.0,24.0,24.0,24.0,24.0
6,145,104;12;18;73;24;90,25.7,23.333,23.5,25.9,23.7,23.0,23.0,23.0,22.5
6,146,19;50;75;58;62;89,25.8,24.333,24.5,24.1,24.7,24.3,24.3,24.3,24.0
6,147,62;90;50;89;18;116,25.8,23.5,24.5,22.0,25.0,24.0,23.5,23.0,22.0
6,148,122;55;51;18;90;99,25.9,23.0,23.5,21.2,23.5,23.0,23.0,22.8,22.5
6,149,50;24;23;80;76;122,25.6,23.833,24.0,24.6,24.0,24.0,24.0,24.0,24.0
6,150,43;37;83;61;104;113,25.6,25.0,26.0,23.0,26.0,26.0,25.8,25.1,24.0
6,151,12;90;73;78;61;24,25.5,24.333,24.5,25.5,24.1,24.3,24.3,24.3,24.5
6,152,81;97;62;58;84;46,25.7,23.667,24.0,24.0,24.3,23.7,23.7,23.7,24.0
6,153,20;94;116;71;48;30,25.4,25.5,25.0,25.3,25.0,25.0,25.0,25.2,25.5
6,154,51;104;71;15;99;54,25.4,24.333,24.0,25.4,24.0,24.0,24.0,24.0,24.5
6,155,97;112;119;26;108;62,25.5,24.5,24.5,22.0,24.6,24.5,24.5,24.5,24.5
6,156,46;99;48;41;108;119,25.6,24.833,24.5,25.0,25.0,24.8,24.8,24.8,24.5
6,157,84;61;90;46;119;87,25.4,24.333,24.5,24.0,24.7,24.2,24.2,24.2,24.0
6,158,43;126;54;57;76;72,25.5,24.833,25.0,24.9,25.0,25.0,25.0,25.0,24.5
6,159,72;58;75;110;99;83,25.7,23.5,23.5,22.4,23.0,23.5,23.5,23.5,23.5
6,160,48;44;51;90;108;83,25.9,23.667,23.5,24.0,23.8,23.8,23.8,23.8,24.0
6,161,98;43;54;40;33;78,25.5,24.833,25.0,23.3,25.0,25.0,25.0,25.0,25.0
6,162,123;116;34;99;30;97,25.8,24.333,24.5,22.7,24.5,24.3,24.3,24.3,24.0
6,163,90;50;41;89;24;94,25.7,24.5,24.5,25.0,24.0,24.6,24.7,24.8,25.0
6,164,61;54;90;113;68;119,25.6,25.0,25.5,24.0,25.1,25.0,25.0,25.0,24.5
6,165,68;78;12;43;110;14,25.5,24.333,24.5,24.6,24.8,24.3,24.3,24.3,24.0
6,166,58;12;87;94;15;54,25.4,24.833,24.5,25.9,24.1,25.0,25.0,25.0,25.5
6,167,104;65;116;53;50;19,25.7,24.5,24.5,25.2,24.1,24.5,24.5,24.5,24.5
6,168,103;75;97;41;12;84,25.8,23.667,24.5,23.9,24.0,24.0,24.0,23.8,23.0
6,169,40;18;123;76;113;41,25.8,23.5,24.0,23.4,24.0,24.0,23.6,23.0,22.5
6,170,20;55;24;113;46;65,25.5,25.667,25.5,25.2,26.0,25.7,25.7,25.7,26.0
6,171,53;126;51;87;7;44,25.3,23.5,24.0,22.4,24.0,24.0,24.0,23.8,23.0
6,172,83;67;104;61;12;50,25.7,23.667,24.0,23.0,24.0,24.0,24.0,23.6,23.0
6,173,40;75;81;65;97;23,25.7,24.0,24.5,22.8,24.6,24.0,24.0,24.0,23.0
6,174,48;46;104;80;89;58,25.4,25.0,25.5,24.4,25.8,25.0,25.0,25.0,24.5
6,175,62;90;116;126;108;112,25.5,24.333,24.5,25.0,24.8,24.3,24.3,24.3,24.0
6,176,122;68;123;19;78;82,25.9,24.333,24.5,24.2,24.5,24.3,24.3,24.2,24.0
6,177,119;18;108;43;44;122,25.8,22.833,23.0,23.2,23.3,22.7,22.7,22.6,22.5
6,178,112;80;65;72;126;78,25.2,24.167,24.5,24.0,24.0,24.1,24.1,24.0,23.5
6,179,81;90;62;113;83;53,25.7,23.333,23.0,23.6,23.0,23.0,23.0,23.1,23.5
6,180,90;126;119;87;44;116,25.5,23.667,24.0,22.2,24.0,24.0,24.0,23.9,23.0
6,181,97;104;113;89;103;30,25.6,25.333,25.0,23.4,25.0,25.0,25.0,25.0,25.5
6,182,37;18;110;72;41;103,25.4,22.833,23.0,22.0,22.3,22.6,22.6,22.4,22.0
6,183,68;80;110;126;89;78,25.4,24.0,24.5,23.2,25.0,24.0,24.0,24.0,24.0
6,184,40;53;37;83;84;82,25.5,23.167,23.5,22.0,23.9,23.1,23.1,23.1,23.0
6,185,24;87;72;75;84;67,25.5,23.5,25.0,22.9,25.0,24.9,23.9,23.3,22.5
6,186,82;71;113;83;62;14,25.6,24.0,24.0,24.8,24.8,24.0,24.0,24.0,24.0
6,187,119;97;116;113;108;7,25.7,24.833,25.0,23.9,25.0,25.0,25.0,25.0,25.0
6,188,103;55;14;62;54;50,25.3,24.667,25.0,23.1,25.0,25.0,25.0,25.0,24.5
6,189,20;41;80;37;99;46,25.5,24.0,24.0,24.3,24.0,24.0,24.0,24.0,24.5
6,190,62;30;72;51;81;24,25.4,24.167,25.0,22.0,25.0,25.0,24.9,24.1,23.0
6,191,99;37;30;55;14;57,25.4,24.167,24.0,24.3,24.0,24.0,24.0,24.0,24.5
6,192,41;90;50;33;14;72,25.7,23.667,23.5,24.9,23.5,23.7,23.7,23.7,23.5
6,193,78;122;75;34;119;43,25.7,24.167,24.5,23.0,25.0,24.1,24.1,24.1,24.0
6,194,90;83;15;71;7;126,25.4,23.333,23.5,25.0,23.6,23.3,23.3,23.3,23.0
6,195,57;108;23;34;112;119,25.5,23.833,24.0,25.0,24.0,24.0,24.0,24.0,24.0
6,196,97;104;123;53;62;94,25.4,25.167,25.0,25.1,25.0,25.0,25.0,25.0,25.5
6,197,65;98;110;24;26;58,25.6,23.833,24.0,23.6,24.0,24.0,24.0,24.0,23.5
6,198,89;123;58;83;112;20,25.8,23.833,24.0,22.0,24.0,24.0,24.0,24.0,23.5
6,199,103;123;71;78;84;7,25.4,23.667,24.0,22.7,24.0,24.0,24.0,23.9,23.0
6,200,90;55;50;14;34;97,25.7,24.0,23.5,24.2,23.5,24.0,24.0,24.0,24.5
6,201,61;7;12;51;46;54,25.4,25.0,24.5,24.8,24.1,25.0,25.0,25.0,25.5
6,202,83;57;55;7;110;33,25.5,23.667,23.5,23.9,23.0,23.7,23.7,23.7,24.0
6,203,76;58;83;39;26;19,25.8,24.0,24.0,23.8,24.0,24.0,24.0,24.0,24.0
6,204,50;110;24;46;40;48,25.2,24.833,24.5,24.8,24.8,24.8,24.8,24.8,24.5
6,205,33;83;14;55;20;81,25.7,23.667,24.0,23.8,24.2,23.6,23.6,23.6,23.5
6,206,67;48;46;20;110;112,25.3,24.167,24.5,24.7,24.7,24.0,24.0,23.9,23.5
6,207,99;53;72;65;113;98,25.7,24.5,24.5,23.0,25.0,24.5,24.5,24.5,24.5
6,208,68;40;37;24;58;55,25.4,24.667,24.5,24.5,24.6,24.7,24.7,24.7,24.5
6,209,116;112;19;90;44;58,25.8,23.333,23.5,22.3,24.0,23.3,23.3,23.2,23.0
6,210,80;46;90;119;15;43,25.4,24.333,24.0,24.6,24.0,24.0,24.0,24.1,24.5
6,211,33;78;119;61;12;108,25.5,24.833,25.0,26.3,25.0,25.0,25.0,25.0,25.0
6,212,68;123;33;24;19;104,25.7,25.0,25.0,24.2,25.0,25.0,25.0,25.0,25.0
6,213,24;65;110;97;58;84,25.6,23.5,24.0,22.0,24.7,23.4,23.4,23.4,23.0
6,214,81;72;24;57;39;41,25.5,23.5,24.0,23.5,25.0,23.4,23.4,23.4,23.0
6,215,71;82;26;108;73;65,25.8,24.167,24.5,22.2,24.9,24.2,24.1,24.1,24.0
6,216,7;37;46;71;123;55,25.2,24.667,24.0,24.5,24.0,24.0,24.0,24.4,25.0
6,217,34;14;58;76;19;110,25.7,23.5,23.0,24.8,23.0,23.0,23.0,23.2,24.0
6,218,80;87;67;58;83;55,25.5,23.0,22.5,23.0,22.6,23.0,23.0,23.0,23.0
6,219,55;61;76;65;80;39,25.4,25.0,25.5,24.9,25.1,25.0,25.0,25.0,24.0
6,220,67;90;94;113;73;75,25.8,24.167,24.0,23.0,23.2,24.1,24.1,24.0,24.0
6,221,34;51;71;68;53;123,25.7,23.833,23.5,23.5,23.2,23.9,23.9,24.0,24.5
6,222,76;20;24;48;26;19,25.6,25.167,25.0,27.0,25.0,25.0,25.0,25.0,25.5
6,223,112;62;75;40;103;72,25.2,24.667,25.0,26.3,25.0,25.0,25.0,25.0,24.5
6,224,72;99;26;53;34;122,25.7,23.5,23.5,23.4,23.4,23.5,23.5,23.5,23.5
6,225,113;48;51;62;119;65,25.6,25.167,25.0,24.1,25.0,25.0,25.0,25.0,25.5
6,226,87;44;84;119;108;26,25.6,23.333,24.0,23.3,24.0,24.0,24.0,23.5,23.0
6,227,43;68;54;58;37;90,25.7,24.5,24.5,26.0,24.9,24.5,24.5,24.5,24.5
6,228,99;46;68;104;48;7,25.4,25.667,26.0,24.1,26.0,26.0,26.0,26.0,25.5
6,229,122;55;12;82;62;126,25.6,24.333,24.5,24.5,24.2,24.3,24.3,24.2,24.0
6,230,123;41;40;39;30;78,25.4,24.167,24.5,23.2,24.0,24.1,24.1,24.0,23.5
6,231,112;61;51;87;48;53,25.2,24.833,24.5,24.8,24.3,24.9,24.9,24.9,25.0
6,232,55;58;12;75;110;46,25.5,24.5,24.5,24.9,24.9,24.5,24.5,24.5,24.5
6,233,19;94;43;54;61;90,25.6,25.333,25.5,25.3,25.3,25.4,25.4,25.4,25.5
6,234,87;98;53;51;33;82,25.7,24.333,24.5,24.7,24.6,24.3,24.3,24.3,24.0
6,235,43;122;41;119;58;40,25.7,23.5,23.5,23.9,24.0,23.6,23.6,23.6,24.0
6,236,48;24;82;97;126;116,25.5,25.167,25.0,26.2,25.0,25.0,25.0,25.0,25.5
6,237,126;48;54;57;81;110,25.4,23.667,23.5,24.0,23.3,23.8,23.8,23.8,24.0
6,238,20;53;113;12;57;55,25.6,24.5,24.5,25.2,24.3,24.5,24.5,24.5,24.5
6,239,113;23;26;50;82;40,25.7,24.5,24.0,25.7,24.0,24.0,24.0,24.0,25.0
6,240,65;41;97;40;33;123,25.8,24.167,24.5,23.8,24.9,24.1,24.1,24.0,23.5
6,241,62;84;89;123;81;119,25.7,23.333,24.0,22.2,24.0,24.0,24.0,23.5,23.0
6,242,103;110;40;108;44;34,25.5,23.333,23.5,22.6,23.7,23.3,23.3,23.3,23.0
6,243,72;97;122;103;81;113,25.7,24.0,25.0,23.3,25.0,25.0,24.7,24.0,23.5
6,244,53;33;78;82;19;98,25.7,24.333,24.5,25.1,24.8,24.3,24.3,24.3,24.0
6,245,98;62;48;73;7;80,25.4,24.167,24.0,24.6,24.0,24.0,24.0,24.0,24.5
6,246,41;81;61;20;33;112,25.6,23.833,24.5,23.0,24.4,24.0,24.0,24.0,23.5
6,247,44;40;53;113;82;33,25.6,24.0,24.5,24.0,24.3,24.0,24.0,24.0,23.5
6,248,24;7;41;90;34;80,25.5,23.167,23.0,22.5,23.0,23.0,23.0,23.0,23.5
6,249,58;78;89;94;34;55,25.5,25.0,25.0,25.0,25.0,25.0,25.0,25.0,25.5
6,250,94;113;123;51;48;7,25.6,25.5,25.0,26.4,25.4,25.6,25.6,25.6,26.0
6,251,57;61;99;90;80;94,25.6,24.333,23.5,25.0,23.3,24.0,24.0,24.5,25.0
6,252,82;23;104;80;108;58,25.6,24.167,24.5,24.5,24.6,24.1,24.1,24.1,24.0
6,253,123;46;51;58;62;104,25.6,24.833,24.5,25.8,24.9,24.9,24.9,24.9,25.0
6,254,46;119;53;7;20;55,25.2,24.833,24.5,24.4,24.0,24.9,24.9,24.9,25.0
6,255,89;12;80;122;90;43,25.8,23.667,23.5,23.0,23.7,23.7,23.7,23.7,24.0
6,256,119;46;116;24;90;23,25.4,24.667,24.5,24.0,24.6,24.7,24.7,24.8,25.0
6,257,90;46;72;75;24;20,25.5,25.0,25.0,24.3,25.0,25.0,25.0,25.0,25.0
6,258,87;68;58;30;57;80,25.6,24.0,24.0,23.2,23.2,24.0,24.0,24.0,24.0
6,259,61;104;53;76;113;20,25.5,25.333,26.0,23.4,26.0,26.0,26.0,25.7,24.5
6,260,54;90;108;20;26;57,25.8,24.167,24.5,24.6,24.1,24.2,24.1,24.1,24.0
6,261,62;23;12;119;104;7,25.3,24.5,24.0,25.4,24.0,24.0,24.0,24.0,25.0
6,262,98;94;41;18;50;33,25.8,23.667,24.0,25.0,24.0,24.0,23.8,23.6,23.5
6,263,103;15;58;33;14;18,25.5,23.167,23.5,22.0,23.1,23.0,23.0,22.9,22.0
6,264,73;123;94;30;68;98,25.7,25.0,24.5,25.3,24.1,25.0,25.0,25.0,25.5
6,265,113;55;81;61;97;37,25.6,24.667,25.5,23.2,25.8,25.0,25.0,24.4,23.5
6,266,53;78;65;72;34;75,25.5,24.333,25.0,25.6,25.0,25.0,25.0,24.9,24.0
6,267,61;80;18;119;104;30,25.3,23.667,24.5,23.3,25.0,24.0,23.6,23.1,22.5
6,268,48;80;110;30;94;23,25.1,24.667,24.5,25.0,24.3,24.7,24.7,24.8,25.0
6,269,46;116;43;123;94;18,25.7,24.833,25.5,25.8,26.0,26.0,24.1,23.7,23.5
6,270,75;39;34;57;7;90,25.7,23.833,23.5,23.3,23.0,23.8,23.9,23.9,24.0
6,271,7;116;84;75;41;65,25.8,23.667,24.5,24.0,24.1,24.0,24.0,23.8,23.0
6,272,62;87;90;33;55;68,25.6,25.0,25.0,24.6,25.0,25.0,25.0,25.0,24.5
6,273,39;24;116;30;50;58,25.5,24.5,25.0,25.2,25.0,25.0,25.0,25.0,24.0
6,274,44;18;126;90;46;48,25.6,23.5,23.5,24.0,23.0,23.4,23.3,23.3,23.0
6,275,19;76;57;89;50;75,25.9,24.5,24.5,25.8,24.6,24.5,24.5,24.5,24.5
6,276,108;67;7;123;58;89,25.8,23.5,24.0,22.9,24.0,24.0,24.0,23.4,22.5
6,277,78;126;83;97;94;75,25.6,24.833,25.0,25.0,25.0,25.0,25.0,25.0,25.0
6,278,90;57;97;61;112;23,25.6,24.167,24.0,25.0,24.0,24.0,24.0,24.0,24.5
6,279,19;58;73;18;67;112,25.8,22.167,23.0,21.8,23.0,23.0,22.8,22.2,21.5
6,280,119;75;122;90;104;78,25.6,24.167,24.5,23.2,24.4,24.1,24.1,24.1,24.0
6,281,50;24;57;14;15;87,25.4,24.0,24.0,22.5,24.0,24.0,24.0,24.0,24.0
6,282,87;18;48;126;73;76,25.5,24.0,24.5,24.5,25.0,24.0,23.8,23.3,23.0
6,283,40;61;46;20;39;97,25.4,25.333,25.0,24.8,25.0,25.0,25.0,25.0,25.5
6,284,54;7;24;19;30;46,25.2,25.0,25.0,24.3,25.0,25.0,25.0,25.0,25.5
6,285,37;108;80;78;103;75,25.4,24.333,25.0,24.6,25.0,25.0,25.0,24.7,23.5
6,286,55;104;14;48;119;57,25.3,24.833,25.0,24.0,24.0,24.8,24.8,24.8,25.0
6,287,62;18;7;110;97;108,25.5,23.333,24.5,22.0,25.0,24.0,23.4,22.8,22.0
6,288,126;15;76;39;73;53,25.4,24.167,24.0,25.9,24.0,24.0,24.0,24.0,24.5
6,289,34;43;20;50;41;94,25.8,24.667,24.5,25.0,24.5,24.8,24.8,24.8,25.0
6,290,72;80;87;54;108;84,25.4,23.833,25.0,24.0,25.0,25.0,24.6,23.9,23.0
6,291,75;81;90;46;68;98,25.8,24.333,24.5,24.0,24.4,24.2,24.2,24.2,24.0
6,292,67;90;40;24;97;83,25.7,23.167,23.5,22.3,23.4,23.0,23.0,23.0,22.5
6,293,99;48;24;112;18;51,25.5,23.833,24.0,24.4,24.0,24.0,24.0,23.3,23.0
6,294,55;87;71;83;110;61,25.2,24.0,24.0,23.3,23.3,24.0,24.0,24.0,24.0
6,295,119;19;108;80;122;14,25.6,23.333,23.5,24.7,23.6,23.3,23.3,23.3,23.5
6,296,23;68;26;55;19;119,25.6,24.667,24.0,25.1,24.0,24.0,24.0,24.1,25.0
6,297,110;18;57;48;24;14,25.4,23.167,23.0,24.7,23.0,23.0,23.0,23.0,23.0
6,298,81;126;7;87;26;97,25.5,23.833,24.0,22.8,24.0,24.0,24.0,24.0,23.0
6,299,19;67;83;14;97;104,25.7,23.333,23.5,23.0,23.7,23.2,23.2,23.2,23.0
7,0,78;44;15;71;61;55;90,25.3,24.0,24.0,23.4,24.0,24.0,24.0,24.0,23.5
7,1,89;41;116;20;87;75;73,25.8,24.286,25.0,23.7,25.0,25.0,25.0,24.8,23.5
7,2,99;119;78;7;51;18;14,25.5,23.286,24.0,22.0,24.0,24.0,23.6,23.0,22.0
7,3,112;119;104;73;80;15;87,25.2,24.0,24.0,23.9,24.0,24.0,24.0,24.0,24.0
7,4,54;68;46;72;73;81;62,25.5,24.571,25.0,24.0,25.0,25.0,25.0,24.6,24.0
7,5,65;48;119;73;98;122;18,25.7,23.429,24.0,24.8,24.0,23.9,23.4,23.1,23.0
7,6,41;18;90;119;71;30;116,25.6,23.0,23.0,22.0,23.0,23.0,23.0,22.8,22.0
7,7,51;57;23;90;76;73;7,25.8,23.857,24.0,25.6,24.0,24.0,24.0,24.0,24.5
7,8,78;98;84;75;67;89;12,25.8,23.429,24.0,22.1,24.0,24.0,24.0,23.4,22.5
7,9,23;116;108;53;99;19;57,25.7,24.0,24.0,24.0,24.0,24.0,24.0,24.0,24.0
7,10,119;110;90;14;108;26;51,25.6,23.571,24.0,24.1,24.0,24.0,24.0,23.8,23.5
7,11,103;104;12;84;20;75;55,25.6,24.571,25.0,23.4,25.0,25.0,25.0,24.5,23.5
7,12,116;37;18;112;7;54;48,25.3,24.0,24.0,25.9,24.0,24.0,24.0,23.4,23.0
7,13,75;19;112;78;68;44;97,25.7,24.286,25.0,23.5,25.0,25.0,24.5,24.1,23.5
7,14,71;43;75;40;126;24;19,25.4,24.429,24.0,23.1,24.0,24.0,24.0,24.2,24.5
7,15,82;103;57;78;46;113;76,25.6,25.286,25.0,26.0,25.0,25.0,25.0,25.0,25.0
7,16,110;26;44;123;58;61;103,25.6,23.571,24.0,23.4,24.0,24.0,24.0,23.7,23.5
7,17,67;71;44;26;48;82;98,25.7,23.429,24.0,22.0,24.0,24.0,23.7,23.5,23.5
7,18,55;19;23;72;14;54;76,25.4,24.714,25.0,23.1,25.0,25.0,25.0,24.9,24.5
7,19,71;99;40;78;72;51;65,25.5,24.286,24.0,22.2,24.0,24.0,24.0,24.0,24.0
7,20,87;126;40;14;43;57;113,25.4,24.429,24.0,23.0,24.0,24.0,24.0,24.2,24.5
7,21,20;39;90;37;67;61;55,25.5,24.143,25.0,23.0,25.0,24.6,24.1,23.8,23.0
7,22,110;40;87;57;41;80;73,25.4,23.0,23.0,23.0,23.0,23.0,23.0,23.0,23.5
7,23,55;72;43;108;123;33;48,25.6,25.429,25.0,27.0,25.0,25.0,25.0,25.2,25.5
7,24,46;40;18;71;94;87;110,25.2,24.0,24.0,25.0,24.0,24.0,23.8,23.6,23.5
7,25,34;98;12;57;53;94;50,25.7,24.143,24.0,25.7,24.0,24.0,24.0,24.2,25.5
7,26,55;89;122;18;53;104;94,25.5,24.143,25.0,25.0,26.0,24.2,23.8,23.6,23.5
7,27,98;97;51;58;126;62;7,25.6,24.143,24.0,22.8,24.0,24.0,24.0,24.0,24.0
7,28,89;84;58;50;57;113;15,25.8,23.714,24.0,23.3,24.0,24.0,24.0,23.8,23.5
7,29,37;26;20;108;57;126;40,25.5,24.143,24.0,24.6,24.0,24.0,24.0,24.0,24.0
7,30,110;71;112;23;19;20;122,25.5,23.429,24.0,23.2,24.0,24.0,24.0,23.6,23.5
7,31,62;24;94;80;98;41;20,25.4,24.429,25.0,25.0,25.0,25.0,24.9,24.7,25.0
7,32,34;89;112;113;19;99;110,25.7,24.0,24.0,23.1,24.0,24.0,24.0,24.0,24.0
7,33,110;18;55;58;20;104;71,25.5,23.429,23.0,24.3,23.0,23.0,23.0,23.0,22.5
7,34,30;39;55;110;58;15;71,25.2,24.0,24.0,24.2,24.0,24.0,24.0,24.0,24.0
7,35,108;15;19;73;23;51;99,25.7,24.0,24.0,26.0,24.0,24.0,24.0,24.0,24.0
7,36,15;14;12;90;55;57;37,25.5,23.857,24.0,25.6,24.0,24.0,24.0,24.0,24.5
7,37,112;67;75;54;119;76;12,25.6,24.0,24.0,23.0,24.0,24.0,24.0,23.9,23.0
7,38,7;68;19;58;89;40;75,25.7,24.429,24.0,25.5,24.0,24.0,24.0,24.2,24.5
7,39,23;54;68;123;78;76;80,25.5,24.571,25.0,24.6,25.0,25.0,25.0,24.6,24.0
7,40,126;78;90;48;83;67;34,25.6,23.429,23.0,22.9,23.0,23.0,23.2,23.4,23.5
7,41,119;90;87;123;18;41;78,25.6,23.143,24.0,22.0,24.0,23.6,23.1,22.8,22.0
7,42,7;23;116;18;30;51;43,25.6,23.857,24.0,23.6,24.0,24.0,24.0,23.2,22.5
7,43,62;78;113;83;87;18;39,25.5,23.857,25.0,24.5,25.0,24.6,23.8,23.1,22.5
7,44,80;65;44;75;51;123;81,25.8,23.143,24.0,22.9,24.0,24.0,23.5,23.2,23.0
7,45,26;44;51;112;84;19;34,25.8,23.0,24.0,23.9,24.0,24.0,23.4,23.1,22.5
7,46,34;84;58;20;78;54;12,25.7,23.714,24.0,23.3,24.0,24.0,24.0,23.7,23.0
7,47,44;83;84;51;62;58;57,25.8,22.714,23.0,22.3,23.0,23.0,23.0,23.0,23.0
7,48,68;39;71;90;98;112;72,25.5,24.286,24.0,23.1,24.0,24.0,24.0,24.1,24.5
7,49,18;33;94;76;126;81;98,25.7,23.857,24.0,25.3,24.0,24.0,24.0,23.6,23.5
7,50,122;26;18;58;104;48;116,25.7,23.714,24.0,24.7,24.0,24.0,23.5,23.2,23.0
7,51,34;73;76;37;126;75;113,25.7,24.429,24.0,24.3,24.0,24.0,24.0,24.2,24.5
7,52,7;68;78;71;123;37;18,25.5,23.571,24.0,25.7,24.0,24.0,23.8,23.0,22.5
7,53,126;108;68;119;67;51;19,25.8,23.857,24.0,23.0,24.0,24.0,24.0,23.9,23.0
7,54,90;23;26;94;113;14;89,25.6,24.714,24.0,25.2,24.0,24.0,24.5,24.9,25.5
7,55,41;89;12;62;75;19;72,25.7,24.286,25.0,23.1,25.0,25.0,24.8,24.4,23.5
7,56,61;19;126;78;75;103;112,25.3,24.714,25.0,23.8,25.0,25.0,25.0,25.0,25.0
7,57,97;61;40;53;90;58;39,25.5,24.143,24.0,23.1,24.0,24.0,24.0,24.0,24.5
7,58,14;112;75;89;94;108;20,25.6,25.0,25.0,25.5,25.0,25.0,25.0,25.0,25.5
7,59,30;57;26;53;112;14;73,25.4,23.571,23.0,22.9,23.0,23.0,23.0,23.3,24.0
7,60,94;48;116;71;24;58;57,25.4,24.857,25.0,25.4,25.0,25.0,25.0,25.0,25.5
7,61,23;34;24;112;57;80;123,25.4,23.571,24.0,23.8,24.0,24.0,24.0,23.8,23.5
7,62,81;94;44;58;40;65;30,25.6,23.857,24.0,22.7,24.0,24.0,24.0,24.1,24.5
7,63,41;71;110;55;51;37;99,25.5,23.571,24.0,24.5,24.0,24.0,24.0,23.9,24.0
7,64,15;113;83;39;61;43;24,25.5,24.857,25.0,23.0,25.0,25.0,25.0,25.0,24.0
7,65,99;82;94;108;112;19;23,25.6,24.857,24.0,26.4,24.0,24.0,24.6,25.0,26.0
7,66,51;65;44;122;39;37;62,25.6,23.714,24.0,23.4,24.0,24.0,24.0,24.0,23.0
7,67,43;39;113;94;50;99;20,25.7,25.429,25.0,25.1,25.0,25.0,25.0,25.4,26.0
7,68,68;24;126;104;87;78;14,25.2,24.857,25.0,26.0,25.0,25.0,25.0,25.0,24.5
7,69,68;30;18;104;78;110;14,25.4,23.714,25.0,23.0,25.0,23.9,23.4,23.1,22.5
7,70,7;73;44;61;81;76;18,25.7,22.857,23.0,23.0,23.0,23.0,23.0,22.8,22.5
7,71,55;103;123;98;122;104;113,25.6,24.714,25.0,23.1,25.0,25.0,25.0,24.7,24.0
7,72,90;62;55;58;84;53;20,25.6,23.714,23.0,23.7,23.0,23.0,23.2,23.5,23.5
7,73,122;83;12;44;119;113;48,25.7,23.714,24.0,24.0,24.0,24.0,24.0,24.0,24.0
7,74,19;71;33;58;54;126;51,25.6,24.0,24.0,24.4,24.0,24.0,24.0,24.0,24.0
7,75,55;58;48;112;54;62;81,25.4,24.429,25.0,24.0,25.0,25.0,24.7,24.3,24.0
7,76,87;20;80;61;46;122;44,25.4,24.0,25.0,24.0,25.0,24.8,24.3,24.1,24.0
7,77,94;78;54;68;123;103;126,25.4,25.286,25.0,26.3,25.0,25.0,25.0,25.0,26.0
7,78,99;112;108;81;46;71;65,25.6,24.143,24.0,24.0,24.0,24.0,24.0,24.0,24.0
7,79,12;43;48;51;34;122;110,25.7,24.0,24.0,24.8,24.0,24.0,24.0,24.0,24.5
7,80,89;58;76;57;67;43;104,25.8,24.143,25.0,23.0,25.0,24.6,24.1,23.7,23.0
7,81,99;30;37;53;81;15;98,25.5,23.571,24.0,23.9,24.0,24.0,24.0,24.0,23.0
7,82,89;39;126;99;122;54;80,25.5,23.857,24.0,22.0,24.0,24.0,24.0,24.0,23.5
7,83,87;62;33;99;103;65;126,25.5,24.714,25.0,23.8,25.0,25.0,25.0,25.0,24.5
7,84,113;39;119;33;94;84;126,25.5,24.714,25.0,25.7,25.0,25.0,24.9,24.7,24.5
7,85,67;113;82;15;61;98;48,25.6,24.571,25.0,25.7,25.0,24.9,24.3,24.0,23.5
7,86,97;122;80;43;39;62;84,25.6,23.714,25.0,23.1,25.0,24.6,24.0,23.7,23.5
7,87,62;14;103;113;72;89;90,25.5,24.571,25.0,24.9,25.0,25.0,25.0,25.0,24.5
7,88,126;113;68;51;26;72;24,25.6,24.857,25.0,25.6,25.0,25.0,25.0,25.0,25.0
7,89,84;53;89;54;65;33;34,25.7,23.857,25.0,23.2,25.0,24.8,24.2,23.8,23.0
7,90,97;68;55;23;51;80;108,25.6,24.571,25.0,24.3,25.0,25.0,25.0,24.6,24.0
7,91,116;20;84;51;55;98;75,25.8,24.286,25.0,23.1,25.0,25.0,24.5,24.1,23.5
7,92,104;20;89;94;126;19;76,25.6,25.429,25.0,25.2,25.0,25.0,25.0,25.4,26.0
7,93,7;122;80;44;75;57;73,25.7,22.857,23.0,22.6,23.0,23.0,23.0,23.0,23.0
7,94,15;55;83;98;94;104;75,25.5,25.0,25.0,25.0,25.0,25.0,25.0,25.0,25.0
7,95,78;62;73;97;87;89;34,25.6,24.429,25.0,23.6,25.0,25.0,25.0,25.0,24.0
7,96,104;14;7;39;23;76;19,25.4,24.571,24.0,23.3,24.0,24.0,24.0,24.4,24.5
7,97,12;48;123;30;75;78;40,25.5,24.857,25.0,24.1,25.0,25.0,25.0,25.0,25.5
7,98,41;97;14;34;44;53;87,25.6,23.143,23.0,23.1,23.0,23.0,23.0,23.0,23.0
7,99,18;112;57;84;55;26;90,25.7,22.857,23.0,21.2,23.0,23.0,23.0,22.8,22.5
7,100,62;33;53;65;78;14;43,25.4,24.571,25.0,23.7,25.0,25.0,25.0,25.0,24.5
7,101,44;94;112;18;108;113;89,25.7,24.0,25.0,22.0,25.0,24.1,24.0,23.6,23.5
7,102,78;123;90;40;81;41;55,25.6,23.571,24.0,23.9,24.0,24.0,24.0,23.7,23.5
7,103,123;34;87;72;116;76;50,25.7,24.571,25.0,23.0,25.0,25.0,25.0,24.8,24.5
7,104,122;58;76;14;19;50;99,25.9,23.714,24.0,23.7,24.0,24.0,24.0,24.0,24.0
7,105,24;40;73;18;116;82;110,25.6,23.286,24.0,22.0,24.0,23.7,23.1,22.9,22.0
7,106,46;81;50;41;99;113;73,25.9,23.857,24.0,24.0,24.0,24.0,24.0,24.0,24.0
7,107,19;15;94;67;14;104;39,25.4,24.286,24.0,25.4,24.0,24.0,24.0,24.0,24.0
7,108,122;33;99;89;71;57;98,25.8,23.714,24.0,23.3,24.0,24.0,24.0,23.9,23.5
7,109,12;24;78;83;20;37;26,25.5,24.143,24.0,24.5,24.0,24.0,24.0,24.0,23.5
7,110,112;71;33;90;72;67;24,25.4,23.571,24.0,22.8,24.0,24.0,23.7,23.3,22.5
7,111,37;78;104;81;12;19;46,25.5,24.429,24.0,24.0,24.0,24.0,24.0,24.1,24.0
7,112,126;84;94;108;15;97;33,25.6,24.571,25.0,23.8,25.0,25.0,24.9,24.6,24.5
7,113,122;71;76;51;58;98;26,25.8,23.714,24.0,24.2,24.0,24.0,24.0,24.0,24.0
7,114,43;82;65;41;40;75;104,25.7,24.714,25.0,24.6,25.0,25.0,25.0,25.0,24.0
7,115,87;41;14;122;97;51;58,25.8,23.429,23.0,23.0,23.0,23.0,23.0,23.2,23.5
7,116,7;67;50;103;24;40;112,25.3,23.714,24.0,22.3,24.0,24.0,24.0,23.8,22.5
7,117,61;67;7;57;46;44;94,25.4,24.143,24.0,25.4,24.0,24.0,24.0,24.0,24.0
7,118,61;48;39;57;113;104;112,25.4,25.286,26.0,24.7,26.0,26.0,25.7,25.4,25.0
7,119,67;51;126;108;48;53;50,25.6,23.857,24.0,24.8,24.0,24.0,24.0,23.8,23.5
7,120,113;81;119;87;46;72;33,25.5,24.714,25.0,24.0,25.0,25.0,25.0,24.6,24.0
7,121,99;89;113;14;116;126;123,25.7,24.429,24.0,23.1,24.0,24.0,24.0,24.2,24.5
7,122,41;67;80;78;89;23;7,25.5,23.143,24.0,22.2,24.0,24.0,23.4,23.1,22.5
7,123,54;123;112;113;71;75;73,25.6,24.286,24.0,25.1,24.0,24.0,24.0,24.1,24.5
7,124,61;34;116;123;90;126;78,25.6,24.286,24.0,26.0,24.0,24.0,24.0,24.1,24.5
7,125,90;58;97;104;112;26;24,25.6,24.286,24.0,23.4,24.0,24.0,24.0,24.1,24.5
7,126,126;39;83;30;78;99;15,25.4,24.143,24.0,23.9,24.0,24.0,24.0,24.0,23.5
7,127,112;18;78;34;73;48;54,25.5,23.714,24.0,25.2,24.0,24.0,23.5,23.2,23.0
7,128,30;37;84;76;94;80;15,25.3,24.286,24.0,23.1,24.0,24.0,24.1,24.3,24.5
7,129,123;71;62;58;116;12;57,25.7,23.857,24.0,25.2,24.0,24.0,24.0,24.0,24.0
7,130,50;104;103;72;37;14;61,25.3,24.714,25.0,25.1,25.0,25.0,25.0,24.9,24.5
7,131,73;65;119;67;81;98;113,25.8,23.286,24.0,23.0,24.0,24.0,23.5,23.2,23.0
7,132,19;72;7;30;46;73;76,25.5,24.857,25.0,24.8,25.0,25.0,25.0,25.0,25.0
7,133,7;58;84;12;23;40;99,25.6,23.429,24.0,22.5,24.0,24.0,24.0,23.9,22.5
7,134,104;80;51;67;72;62;65,25.5,23.857,25.0,23.0,25.0,24.5,24.0,23.7,23.0
7,135,67;30;89;81;46;75;126,25.6,23.857,25.0,22.7,25.0,24.4,24.0,23.8,23.5
7,136,40;14;82;51;83;43;104,25.6,24.286,24.0,24.3,24.0,24.0,24.0,24.0,24.0
7,137,62;19;82;108;61;67;33,25.7,24.286,25.0,23.0,25.0,25.0,24.6,24.0,23.0
7,138,90;65;37;24;7;75;119,25.5,24.286,24.0,25.9,24.0,24.0,24.0,24.0,24.0
7,139,53;97;20;94;18;41;81,25.7,23.286,23.0,22.0,23.0,23.0,23.3,23.5,23.5
7,140,26;51;108;46;33;122;76,25.8,24.714,25.0,25.0,25.0,25.0,25.0,24.8,24.5
7,141,19;84;62;24;41;54;48,25.5,24.143,25.0,24.0,25.0,25.0,24.4,24.1,24.0
7,142,81;53;61;12;98;108;123,25.7,23.857,24.0,23.8,24.0,24.0,24.0,24.0,23.5
7,143,80;33;58;40;37;119;126,25.3,23.714,24.0,23.5,24.0,24.0,24.0,24.0,23.5
7,144,61;46;82;104;48;122;113,25.5,25.571,26.0,24.6,26.0,26.0,26.0,25.5,24.5
7,145,123;97;113;26;126;108;30,25.7,24.714,25.0,24.5,25.0,25.0,25.0,25.0,25.0
7,146,34;43;7;51;30;94;48,25.5,25.286,25.0,25.1,25.0,25.0,25.0,25.2,25.5
7,147,83;18;14;123;98;113;40,25.7,23.143,24.0,23.4,24.0,23.7,23.1,22.9,22.5
7,148,119;39;40;37;82;122;87,25.4,24.143,24.0,22.0,24.0,24.0,24.0,24.0,23.5
7,149,23;94;103;82;73;58;84,25.6,24.143,24.0,22.3,24.0,24.0,24.0,24.3,24.5
7,150,83;84;90;116;122;62;24,25.8,23.286,23.0,24.0,23.0,23.0,23.0,23.1,23.0
7,151,46;87;65;94;84;119;89,25.4,25.0,25.0,26.6,25.0,25.0,25.0,24.9,24.5
7,152,99;123;97;122;81;62;94,25.8,24.143,24.0,22.7,24.0,24.0,24.0,24.3,24.5
7,153,62;72;37;43;94;58;82,25.5,25.143,25.0,25.3,25.0,25.0,25.0,25.0,25.5
7,154,61;71;65;108;103;97;98,25.6,24.714,25.0,23.4,25.0,25.0,25.0,25.0,24.5
7,155,68;108;12;119;15;122;90,25.8,24.0,24.0,24.4,24.0,24.0,24.0,24.0,24.0
7,156,30;126;104;89;119;72;84,25.4,24.286,25.0,23.1,25.0,25.0,24.5,24.1,23.5
7,157,80;18;119;103;126;72;94,25.2,23.857,24.0,25.0,24.0,24.0,24.0,23.6,23.5
7,158,72;58;98;48;71;34;123,25.6,24.143,24.0,25.5,24.0,24.0,24.0,24.0,25.0
7,159,50;81;43;90;20;119;99,25.9,23.857,24.0,23.4,24.0,24.0,24.0,24.0,23.5
7,160,30;110;103;97;24;41;39,25.3,24.143,25.0,23.6,25.0,25.0,25.0,24.5,23.5
7,161,34;18;15;103;113;98;30,25.6,23.714,24.0,23.5,24.0,24.0,23.8,23.1,22.5
7,162,87;18;43;68;84;46;78,25.6,24.143,25.0,24.0,25.5,24.6,23.9,23.4,23.0
7,163,89;34;37;116;123;80;110,25.5,23.571,24.0,23.6,24.0,24.0,24.0,23.8,23.5
7,164,12;24;37;67;44;23;57,25.5,23.0,24.0,22.9,24.0,23.9,23.3,23.0,22.5
7,165,84;20;90;24;65;39;55,25.6,24.286,25.0,24.0,25.0,25.0,25.0,24.4,23.5
7,166,67;24;82;126;62;99;110,25.5,23.571,24.0,22.0,24.0,24.0,24.0,23.5,22.5
7,167,67;54;122;18;58;116;7,25.7,22.571,23.0,22.0,23.0,23.0,22.7,22.4,22.0
7,168,18;113;55;33;41;14;103,25.6,23.714,25.0,23.0,25.0,23.9,23.4,23.1,22.5
7,169,15;80;44;97;23;43;53,25.4,23.571,24.0,24.0,24.0,24.0,24.0,23.7,23.5
7,170,26;41;68;44;58;53;98,25.8,23.286,23.0,23.5,23.0,23.0,23.0,23.2,23.5
7,171,30;108;53;76;34;98;24,25.6,24.429,25.0,24.9,25.0,25.0,25.0,24.6,24.5
7,172,104;34;90;30;78;126;68,25.5,24.571,25.0,25.3,25.0,25.0,25.0,24.8,24.5
7,173,126;58;78;82;34;30;7,25.5,24.143,24.0,22.3,24.0,24.0,24.0,24.0,24.0
7,174,94;51;75;58;57;15;20,25.7,24.571,24.0,25.2,24.0,24.0,24.4,24.8,25.5
7,175,80;89;97;51;62;81;19,25.7,23.714,24.0,22.3,24.0,24.0,24.0,24.0,23.0
7,176,71;26;72;46;104;51;62,25.3,24.857,25.0,24.5,25.0,25.0,25.0,25.0,25.0
7,177,78;108;98;44;61;50;116,25.7,24.286,25.0,23.7,25.0,25.0,24.5,24.1,23.5
7,178,80;116;57;51;65;43;108,25.8,24.286,25.0,23.2,25.0,25.0,24.7,24.4,24.0
7,179,67;80;50;78;97;43;82,25.8,23.857,25.0,23.0,25.0,24.5,24.0,23.7,23.0
7,180,19;55;44;83;108;26;97,25.8,23.857,24.0,23.7,24.0,24.0,24.0,24.0,23.5
7,181,44;14;24;51;23;110;119,25.3,23.286,24.0,22.6,24.0,24.0,23.7,23.4,23.0
7,182,65;18;90;68;58;112;119,25.8,23.429,24.0,25.0,24.0,23.8,23.3,23.0,22.5
7,183,53;97;73;78;126;83;90,25.7,23.571,23.0,23.6,23.0,23.0,23.0,23.4,23.5
7,184,23;71;55;110;14;80;119,25.1,23.429,23.0,23.9,23.0,23.0,23.0,23.4,24.0
7,185,33;65;73;30;89;103;84,25.7,24.143,25.0,23.9,25.0,25.0,25.0,24.3,23.0
7,186,119;94;55;7;123;98;53,25.3,24.714,24.0,25.9,24.0,24.0,24.0,24.6,25.5
7,187,90;15;116;51;81;20;87,25.7,23.857,24.0,22.8,24.0,24.0,24.0,24.0,23.0
7,188,37;20;87;62;18;15;26,25.4,23.714,24.0,22.0,24.0,24.0,24.0,23.1,22.0
7,189,84;40;110;73;112;108;37,25.4,23.286,24.0,22.6,24.0,24.0,23.7,23.4,23.0
7,190,48;98;12;123;89;72;110,25.6,24.429,24.0,24.9,24.0,24.0,24.0,24.3,24.5
7,191,80;34;99;51;40;83;71,25.6,23.143,23.0,23.7,23.0,23.0,23.0,23.0,23.0
7,192,61;78;51;24;76;67;7,25.5,24.286,25.0,23.0,25.0,24.7,24.1,24.0,23.0
7,193,110;80;15;84;90;58;50,25.6,22.714,23.0,22.4,23.0,23.0,23.0,22.9,22.5
7,194,33;43;30;23;116;113;81,25.7,24.571,25.0,23.0,25.0,25.0,25.0,24.5,23.5
7,195,94;26;119;82;68;12;44,25.7,24.571,24.0,25.8,24.0,24.0,24.2,24.4,24.5
7,196,14;50;43;68;44;83;81,25.8,23.286,23.0,23.4,23.0,23.0,23.0,23.3,23.5
7,197,34;53;94;123;112;104;37,25.3,24.571,24.0,25.0,24.0,24.0,24.0,24.6,25.5
7,198,14;80;53;41;34;76;48,25.5,23.714,23.0,24.1,23.0,23.0,23.0,23.7,24.5
7,199,58;37;73;82;12;20;55,25.7,24.286,24.0,25.7,24.0,24.0,24.0,24.1,24.5
7,200,113;84;23;97;53;46;61,25.5,24.571,25.0,24.0,25.0,25.0,24.7,24.4,24.0
7,201,67;123;24;110;44;113;18,25.7,22.429,22.0,22.0,22.0,22.0,22.2,22.4,22.5
7,202,51;12;46;87;65;62;113,25.6,25.143,25.0,25.7,25.0,25.0,25.0,25.0,25.5
7,203,73;103;62;19;30;113;119,25.5,24.571,25.0,25.2,25.0,25.0,25.0,24.8,24.5
7,204,108;78;110;119;46;50;113,25.5,24.714,25.0,24.7,25.0,25.0,25.0,24.8,24.5
7,205,61;123;87;90;108;65;78,25.6,24.714,25.0,25.9,25.0,25.0,25.0,25.0,24.5
7,206,113;89;68;26;41;65;62,25.8,24.714,25.0,23.8,25.0,25.0,25.0,25.0,24.0
7,207,89;12;110;57;98;55;123,25.7,24.0,24.0,24.8,24.0,24.0,24.0,24.0,24.0
7,208,89;30;50;20;123;75;76,25.8,24.857,25.0,25.0,25.0,25.0,25.0,25.0,25.0
7,209,62;71;73;76;98;110;26,25.5,23.857,24.0,24.9,24.0,24.0,24.0,24.0,24.0
7,210,39;15;76;78;122;33;61,25.5,24.714,25.0,23.8,25.0,25.0,25.0,25.0,24.0
7,211,30;123;84;46;110;39;80,25.4,23.714,24.0,24.0,24.0,24.0,24.0,23.9,24.0
7,212,50;41;43;73;76;113;71,25.8,24.286,24.0,24.2,24.0,24.0,24.0,24.1,24.0
7,213,75;67;123;46;44;110;58,25.7,23.143,23.0,22.5,23.0,23.0,23.0,23.3,23.5
7,214,43;73;39;48;82;61;44,25.6,24.714,25.0,24.0,25.0,25.0,25.0,24.6,24.0
7,215,26;61;15;39;73;126;50,25.4,24.286,24.0,24.9,24.0,24.0,24.0,24.0,24.5
7,216,126;57;90;97;15;75;112,25.6,24.0,24.0,23.0,24.0,24.0,24.0,24.0,24.0
7,217,112;94;18;7;46;41;116,25.4,24.143,24.0,25.0,24.0,24.0,24.0,23.7,23.5
7,218,112;50;48;61;19;37;73,25.5,24.571,24.0,25.1,24.0,24.0,24.0,24.1,25.0
7,219,123;76;103;19;78;48;34,25.6,24.857,25.0,24.4,25.0,25.0,25.0,25.0,25.0
7,220,37;89;103;98;78;110;23,25.3,24.143,24.0,23.5,24.0,24.0,24.0,24.0,23.5
7,221,39;51;18;55;90;33;71,25.6,23.571,24.0,25.7,24.0,23.9,23.3,23.0,22.5
7,222,19;33;126;78;75;46;80,25.5,24.571,25.0,24.3,25.0,25.0,25.0,24.7,24.5
7,223,40;61;108;73;113;7;98,25.6,24.571,24.0,25.1,24.0,24.0,24.0,24.4,24.5
7,224,108;81;78;18;116;84;33,25.8,23.0,25.0,22.0,25.0,23.5,23.0,22.7,22.0
7,225,108;51;18;99;33;68;110,25.8,23.571,24.0,24.7,24.0,24.0,23.7,23.1,22.5
7,226,78;84;51;97;98;44;113,25.8,23.714,24.0,23.7,24.0,24.0,24.0,23.9,23.5
7,227,67;104;41;7;18;68;43,25.7,23.286,24.0,23.0,24.0,23.6,23.2,23.0,22.5
7,228,84;110;19;65;108;24;51,25.7,23.714,24.0,22.9,24.0,24.0,24.0,24.0,23.0
7,229,43;51;75;30;46;65;41,25.7,24.857,25.0,24.8,25.0,25.0,25.0,25.0,24.5
7,230,126;73;98;23;83;14;20,25.6,23.571,24.0,22.2,24.0,24.0,24.0,23.8,23.5
7,231,83;26;34;44;68;12;57,25.9,23.286,23.0,23.8,23.0,23.0,23.0,23.2,23.5
7,232,43;41;15;53;116;90;112,25.6,23.857,24.0,24.8,24.0,24.0,24.0,24.0,24.0
7,233,14;37;18;54;81;82;7,25.5,23.0,24.0,22.0,24.0,23.5,23.0,22.8,22.0
7,234,33;20;41;51;110;67;97,25.8,23.286,24.0,22.7,24.0,24.0,23.5,23.2,22.5
7,235,57;62;61;40;26;23;116,25.4,24.429,24.0,24.5,24.0,24.0,24.0,24.2,24.5
7,236,90;116;75;76;71;39;19,25.7,24.429,25.0,23.5,25.0,25.0,25.0,24.6,24.5
7,237,82;78;76;39;30;80;20,25.5,24.714,25.0,23.3,25.0,25.0,25.0,25.0,24.0
7,238,12;76;20;57;34;50;23,25.8,24.143,24.0,23.0,24.0,24.0,24.0,24.0,24.5
7,239,20;84;83;62;39;103;123,25.6,23.857,25.0,23.0,25.0,24.8,24.1,24.0,23.0
7,240,83;58;57;53;41;73;98,25.8,22.857,23.0,21.0,23.0,23.0,23.0,23.0,23.0
7,241,14;87;48;108;72;126;62,25.2,24.857,25.0,25.2,25.0,25.0,25.0,25.0,25.0
7,242,98;113;80;119;87;7;37,25.3,24.143,24.0,23.8,24.0,24.0,24.0,24.0,24.0
7,243,73;103;72;99;75;23;71,25.5,24.143,24.0,24.2,24.0,24.0,24.0,24.0,24.0
7,244,51;34;43;61;33;89;99,25.8,24.714,25.0,23.8,25.0,25.0,25.0,24.9,24.5
7,245,53;99;67;24;68;40;80,25.5,23.429,24.0,23.0,24.0,24.0,23.7,23.3,23.0
7,246,83;23;15;68;48;110;65,25.5,24.286,24.0,24.4,24.0,24.0,24.0,24.2,24.5
7,247,97;80;40;44;82;126;62,25.5,23.714,24.0,23.1,24.0,24.0,24.0,24.0,23.0
7,248,7;33;108;94;90;99;67,25.7,24.143,24.0,25.1,24.0,24.0,24.0,24.0,24.0
7,249,50;61;62;99;81;65;76,25.7,24.429,25.0,23.7,25.0,25.0,24.6,24.2,23.5
7,250,26;62;83;44;75;72;61,25.6,24.0,25.0,23.0,25.0,24.9,24.3,24.0,23.5
7,251,14;119;20;97;19;108;72,25.6,24.429,25.0,23.0,25.0,25.0,25.0,24.7,24.0
7,252,19;50;24;94;62;90;23,25.5,24.714,24.0,25.9,24.0,24.0,24.5,24.9,25.5
7,253,15;7;122;62;84;53;71,25.3,23.143,23.0,23.1,23.0,23.0,23.0,23.0,23.0
7,254,87;81;51;103;110;108;41,25.6,23.429,24.0,22.4,24.0,24.0,23.8,23.5,23.0
7,255,78;15;19;99;83;57;122,25.8,23.429,24.0,23.2,24.0,24.0,24.0,23.6,23.5
7,256,73;87;76;48;58;26;39,25.6,24.714,25.0,25.5,25.0,25.0,25.0,25.0,25.0
7,257,112;14;61;50;126;15;39,25.2,24.286,24.0,23.5,24.0,24.0,24.0,24.0,24.5
7,258,82;44;12;7;18;67;20,25.8,22.571,24.0,22.0,24.0,23.2,22.7,22.4,22.0
7,259,57;62;80;41;99;50;67,25.7,22.857,23.0,22.2,23.0,23.0,23.0,22.9,22.5
7,260,97;75;23;46;48;30;84,25.5,24.857,25.0,24.0,25.0,25.0,25.0,24.7,24.0
7,261,18;94;57;98;103;112;81,25.6,23.429,24.0,22.0,24.0,23.9,23.6,23.5,23.5
7,262,90;39;40;73;67;51;58,25.8,23.143,23.0,22.2,23.0,23.0,23.0,23.0,22.5
7,263,98;55;84;54;104;94;39,25.3,25.0,25.0,23.3,25.0,25.0,25.0,24.9,24.5
7,264,61;44;62;113;26;67;126,25.6,23.714,24.0,23.0,24.0,24.0,24.0,23.6,23.0
7,265,72;76;33;97;34;14;30,25.6,24.571,25.0,24.9,25.0,25.0,25.0,25.0,24.5
7,266,67;43;40;34;26;18;57,25.8,22.714,23.0,21.1,23.0,23.0,23.0,22.7,22.5
7,267,97;23;18;7;113;39;73,25.6,23.714,24.0,25.1,24.0,24.0,23.8,23.1,22.5
7,268,37;113;112;39;57;75;58,25.6,24.286,24.0,26.0,24.0,24.0,24.0,24.1,24.5
7,269,75;113;33;98;71;39;87,25.5,24.714,25.0,23.5,25.0,25.0,25.0,25.0,24.5
7,270,57;61;87;7;80;108;19,25.5,24.143,24.0,23.8,24.0,24.0,24.0,24.0,24.0
7,271,19;48;73;81;68;67;119,25.8,23.571,24.0,24.0,24.0,24.0,23.8,23.6,23.5
7,272,12;98;68;23;103;75;55,25.6,24.857,25.0,26.8,25.0,25.0,25.0,25.0,25.0
7,273,94;65;15;90;104;54;53,25.4,24.857,25.0,25.1,25.0,25.0,25.0,25.0,25.5
7,274,116;50;90;53;26;76;58,25.8,24.0,24.0,23.5,24.0,24.0,24.0,24.0,24.5
7,275,26;30;71;104;110;34;99,25.5,23.857,24.0,24.2,24.0,24.0,24.0,24.0,24.0
7,276,61;26;103;126;30;108;39,25.3,24.857,25.0,23.6,25.0,25.0,25.0,25.0,25.0
7,277,113;51;61;116;84;68;122,25.9,24.286,25.0,23.2,25.0,25.0,24.5,24.1,23.5
7,278,84;20;53;112;50;103;37,25.5,23.714,24.0,23.2,24.0,24.0,24.0,24.0,23.0
7,279,48;57;65;55;40;104;37,25.3,25.0,25.0,24.7,25.0,25.0,25.0,25.0,25.0
7,280,43;7;72;24;103;104;108,25.3,25.143,25.0,27.0,25.0,25.0,25.0,25.0,25.0
7,281,65;122;48;12;57;71;75,25.7,24.143,24.0,24.8,24.0,24.0,24.0,24.1,24.5
7,282,55;19;123;98;68;104;33,25.7,25.0,25.0,23.8,25.0,25.0,25.0,25.0,25.0
7,283,30;58;68;116;19;41;123,25.9,24.143,24.0,23.0,24.0,24.0,24.0,24.0,24.0
7,284,46;81;44;71;78;61;90,25.5,23.714,23.0,24.0,23.0,23.0,23.4,23.7,24.0
7,285,14;43;82;119;81;89;34,25.7,23.857,24.0,23.3,24.0,24.0,24.0,23.9,23.5
7,286,103;51;19;83;126;37;72,25.5,24.0,24.0,23.0,24.0,24.0,24.0,24.0,23.5
7,287,7;57;68;20;50;78;15,25.6,24.429,24.0,23.2,24.0,24.0,24.0,24.2,24.5
7,288,99;20;84;119;7;61;39,25.5,24.143,24.0,23.6,24.0,24.0,24.0,24.0,23.5
7,289,97;71;44;61;80;46;113,25.5,24.286,25.0,24.0,25.0,25.0,24.5,24.2,24.0
7,290,55;7;23;110;87;43;82,25.3,24.571,25.0,24.6,25.0,25.0,25.0,24.6,24.0
7,291,55;97;83;126;104;108;122,25.7,24.286,25.0,24.4,25.0,25.0,24.7,24.3,24.0
7,292,82;73;123;97;71;23;87,25.6,24.143,24.0,24.5,24.0,24.0,24.0,24.0,24.0
7,293,33;54;94;80;99;43;48,25.5,25.286,25.0,25.0,25.0,25.0,25.0,25.0,25.0
7,294,82;15;94;90;112;78;104,25.4,25.0,25.0,25.4,25.0,25.0,25.0,25.0,25.5
7,295,71;20;54;12;30;53;122,25.5,23.857,24.0,22.1,24.0,24.0,24.0,24.0,23.5
7,296,89;90;44;33;94;113;73,25.8,24.429,25.0,25.7,25.0,25.0,24.8,24.5,24.5
7,297,33;62;12;104;65;123;67,25.7,24.143,25.0,23.0,25.0,24.7,24.0,24.0,23.0
7,298,82;58;90;81;53;67;30,25.8,22.857,23.0,23.0,23.0,23.0,23.0,23.0,22.5
7,299,87;24;81;112;14;75;98,25.4,23.857,24.0,23.7,24.0,24.0,24.0,24.0,23.0
8,0,57;123;94;83;112;67;76;104,25.7,24.125,24.0,23.0,24.0,24.0,24.0,24.0,24.0
8,1,48;57;119;80;14;33;98;15,25.4,24.0,24.0,24.3,24.0,24.0,24.0,24.0,24.5
8,2,48;15;78;75;126;26;98;71,25.4,24.5,24.0,24.1,24.0,24.0,24.0,24.3,25.0
8,3,62;39;123;12;87;104;58;41,25.5,24.25,24.5,24.5,24.1,24.2,24.2,24.2,24.0
8,4,55;97;51;54;20;18;108;61,25.7,24.375,25.0,25.2,25.0,24.8,24.1,23.4,22.5
8,5,57;20;39;76;112;68;24;46,25.5,25.125,25.0,25.9,25.0,25.0,25.0,25.0,25.0
8,6,89;108;18;75;110;55;83;68,25.7,23.75,25.0,24.4,25.0,24.3,23.6,23.1,22.5
8,7,126;123;89;98;110;104;58;83,25.6,23.75,24.0,24.6,24.0,24.0,24.0,24.0,24.0
8,8,94;40;82;122;53;62;71;46,25.3,24.625,24.5,25.0,24.5,24.7,24.8,24.8,25.0
8,9,62;99;44;94;110;12;57;55,25.5,24.125,24.0,23.7,24.0,24.0,24.0,24.2,24.5
8,10,72;94;40;108;41;83;30;46,25.4,24.75,25.0,25.0,25.0,25.0,25.0,25.0,25.0
8,11,48;73;61;87;23;84;15;37,25.3,24.25,24.0,24.0,24.0,24.0,24.0,24.0,24.0
8,12,40;57;65;110;126;51;94;119,25.4,24.25,24.0,25.0,24.0,24.0,24.0,24.2,25.0
8,13,82;126;51;61;116;113;15;75,25.6,24.875,25.0,25.6,25.0,25.0,25.0,25.0,25.0
8,14,46;78;84;33;122;83;110;15,25.5,23.5,23.0,24.0,23.4,23.6,23.6,23.7,24.0
8,15,48;87;46;33;57;81;84;94,25.5,24.625,25.0,24.0,25.0,25.0,24.9,24.5,24.5
8,16,40;83;67;80;57;122;61;51,25.7,22.875,22.5,23.0,22.6,22.9,22.9,22.9,23.0
8,17,15;103;12;80;71;41;14;72,25.3,23.5,23.5,22.9,23.8,23.5,23.5,23.5,23.5
8,18,80;75;30;34;58;82;54;55,25.6,24.25,25.0,24.3,25.0,25.0,25.0,24.5,24.0
8,19,81;37;65;87;113;82;14;68,25.7,24.375,25.0,23.6,25.0,25.0,24.9,24.3,23.5
8,20,119;98;34;78;33;20;14;12,25.6,24.125,24.0,25.1,24.0,24.0,24.0,24.0,24.0
8,21,14;81;43;41;110;87;15;113,25.5,23.625,23.5,23.5,23.5,23.6,23.6,23.6,23.5
8,22,7;94;12;54;72;78;43;104,25.3,25.375,25.0,26.4,25.0,25.0,25.0,25.2,26.0
8,23,24;51;73;103;48;84;37;65,25.5,24.25,24.5,24.0,24.9,24.2,24.2,24.1,24.0
8,24,99;53;40;98;23;26;73;65,25.6,23.875,24.0,23.4,24.0,24.0,24.0,24.0,24.0
8,25,75;18;98;78;94;19;80;84,25.6,23.5,24.0,22.0,24.0,24.0,23.7,23.5,23.5
8,26,40;87;43;53;68;89;55;54,25.4,25.0,25.0,23.8,25.0,25.0,25.0,25.0,24.5
8,27,48;43;46;76;14;84;37;119,25.4,24.75,25.0,24.0,24.7,24.6,24.6,24.5,24.0
8,28,67;23;126;89;41;80;99;58,25.7,23.0,23.5,22.1,23.3,23.0,23.0,23.0,22.5
8,29,53;84;116;103;122;7;99;44,25.6,23.125,23.5,22.9,23.0,23.1,23.1,23.1,23.0
8,30,110;57;73;46;20;65;23;113,25.6,24.375,24.5,24.1,24.1,24.4,24.4,24.4,24.5
8,31,110;76;71;82;119;26;53;87,25.4,24.0,24.0,24.7,24.0,24.0,24.0,24.0,24.0
8,32,76;46;55;51;126;41;15;103,25.4,24.75,24.5,24.5,24.5,24.7,24.7,24.7,24.5
8,33,23;19;81;55;37;94;72;103,25.3,24.625,24.5,26.5,25.0,24.6,24.6,24.5,24.5
8,34,33;48;43;67;7;58;55;103,25.5,24.5,25.0,24.8,25.0,25.0,24.5,24.0,23.5
8,35,81;71;76;90;98;55;19;48,25.7,24.25,24.0,24.0,24.0,24.0,24.0,24.0,24.0
8,36,14;126;26;81;30;67;37;23,25.4,23.125,24.0,22.0,24.0,24.0,23.7,23.1,22.5
8,37,126;104;108;46;15;80;51;48,25.3,24.875,24.5,24.4,24.4,24.9,24.8,24.8,24.5
8,38,87;84;104;65;44;55;12;126,25.5,24.0,24.5,23.0,24.1,24.0,24.0,24.0,23.5
8,39,65;73;98;103;50;110;34;24,25.6,23.875,24.0,22.6,24.0,24.0,24.0,24.0,23.5
8,40,113;24;20;87;122;72;61;89,25.5,24.875,25.0,23.4,25.0,25.0,25.0,25.0,24.0
8,41,78;40;104;58;98;62;7;103,25.3,24.5,24.5,24.6,24.1,24.5,24.5,24.5,24.5
8,42,7;15;53;81;122;90;19;55,25.6,23.375,23.5,23.5,23.5,23.4,23.4,23.4,23.5
8,43,87;104;123;116;80;15;48;43,25.4,24.875,25.0,24.6,25.0,25.0,25.0,25.0,24.5
8,44,76;83;82;87;41;7;97;104,25.7,24.375,25.0,25.0,25.0,25.0,25.0,24.5,24.0
8,45,104;83;87;72;48;67;14;40,25.3,24.0,24.5,24.9,24.8,24.0,24.0,23.8,23.5
8,46,58;24;39;37;94;48;12;46,25.3,25.375,25.0,25.9,25.0,25.0,25.0,25.2,25.5
8,47,81;67;90;110;65;44;54;80,25.6,22.375,22.0,22.5,22.0,22.0,22.0,22.3,22.5
8,48,113;112;123;26;33;110;50;94,25.6,24.625,24.0,25.0,24.0,24.0,24.1,24.6,25.0
8,49,14;41;71;50;33;108;90;112,25.7,23.625,23.5,24.7,23.5,23.6,23.6,23.6,23.5
8,50,80;50;57;12;14;48;41;76,25.7,23.875,23.5,24.3,23.0,24.0,24.0,24.0,24.5
8,51,57;78;119;108;26;23;37;33,25.5,24.25,24.0,23.6,24.0,24.0,24.0,24.0,24.0
8,52,30;54;23;78;41;7;34;53,25.3,23.875,24.0,22.3,24.0,24.0,24.0,24.0,23.5
8,53,97;83;110;72;18;23;39;76,25.6,23.5,24.5,24.9,25.0,24.0,23.5,23.0,22.5
8,54,82;119;65;113;14;98;67;68,25.8,24.125,24.5,23.0,24.1,24.0,24.0,23.9,23.0
8,55,48;116;46;50;71;62;41;112,25.4,24.625,24.5,24.3,24.3,24.6,24.6,24.7,24.5
8,56,18;76;126;72;68;24;90;57,25.7,23.875,24.5,23.3,25.0,24.0,23.7,23.2,22.5
8,57,112;55;46;122;12;18;110;40,25.4,23.5,24.0,24.0,24.0,24.0,23.6,23.2,23.0
8,58,90;94;98;18;73;116;20;87,25.7,24.0,24.5,25.3,25.0,24.0,23.9,23.6,23.5
8,59,116;23;15;123;122;126;73;26,25.6,23.75,24.0,23.4,24.0,24.0,24.0,24.0,23.5
8,60,39;72;30;33;53;20;90;84,25.5,24.0,25.0,22.4,25.0,25.0,24.6,24.0,23.0
8,61,44;87;15;12;110;43;34;83,25.6,23.375,23.5,23.5,23.5,23.4,23.4,23.4,23.5
8,62,89;98;43;82;37;20;90;119,25.7,24.5,24.5,25.0,24.2,24.5,24.5,24.5,24.5
8,63,116;41;71;37;73;61;44;82,25.6,23.625,23.5,23.5,23.5,23.6,23.6,23.6,23.5
8,64,19;68;71;15;75;122;33;108,25.7,24.25,24.5,23.7,24.5,24.2,24.2,24.2,24.0
8,65,87;23;30;54;116;98;67;34,25.5,23.875,24.5,22.5,24.5,24.0,24.0,23.8,22.5
8,66,37;123;44;34;110;15;26;98,25.6,23.25,24.0,22.2,24.0,24.0,24.0,23.5,22.5
8,67,24;67;87;82;90;33;72;78,25.5,24.125,25.0,22.6,25.0,25.0,24.8,23.9,22.5
8,68,40;76;65;89;112;37;87;30,25.4,24.75,25.0,25.0,25.0,25.0,25.0,25.0,25.0
8,69,62;24;98;65;122;54;90;75,25.7,24.25,25.0,25.0,25.0,25.0,25.0,24.5,23.5
8,70,123;54;103;72;116;126;51;80,25.4,24.25,24.5,22.4,25.0,24.2,24.2,24.1,23.5
8,71,48;14;37;103;104;30;99;41,25.4,24.5,24.5,24.5,24.5,24.5,24.5,24.5,24.5
8,72,37;41;122;58;18;53;87;104,25.6,23.0,23.0,24.4,23.0,23.0,23.0,22.8,22.5
8,73,80;99;58;116;55;12;97;73,25.8,24.0,24.0,24.0,24.0,24.0,24.0,24.0,24.0
8,74,26;34;54;15;62;126;82;41,25.5,24.0,24.0,22.7,24.0,24.0,24.0,24.0,23.5
8,75,12;20;39;87;90;78;53;33,25.5,24.375,25.0,25.0,25.0,25.0,25.0,24.8,24.0
8,76,126;15;7;61;65;76;19;24,25.4,24.75,24.5,23.2,24.0,24.8,24.8,24.8,25.0
8,77,40;67;43;37;116;15;24;87,25.4,24.125,24.5,23.0,25.0,24.0,24.0,24.0,23.0
8,78,89;46;23;108;90;68;99;83,25.8,24.5,24.5,24.8,24.8,24.5,24.5,24.5,24.5
8,79,50;54;81;37;112;7;119;57,25.4,23.625,24.0,23.1,24.0,24.0,24.0,24.0,23.0
8,80,113;20;123;41;108;90;84;81,26.0,23.375,23.5,23.9,23.9,23.4,23.4,23.4,23.5
8,81,20;126;51;53;34;33;119;62,25.5,24.125,24.0,23.6,24.0,24.0,24.0,24.0,24.0
8,82,112;65;48;23;24;104;108;50,25.4,25.0,25.0,25.2,25.0,25.0,25.0,25.0,25.5
8,83,116;61;108;50;73;68;82;33,25.9,24.875,25.0,24.4,25.0,25.0,25.0,25.0,24.5
8,84,122;81;14;89;87;23;110;84,25.6,22.875,22.5,22.3,22.6,22.9,22.9,22.9,23.0
8,85,94;104;97;48;90;65;81;89,25.7,25.0,25.0,25.3,25.0,25.0,25.0,25.0,24.5
8,86,57;41;50;112;94;20;30;75,25.6,24.5,24.5,25.0,24.9,24.6,24.7,24.8,25.0
8,87,58;65;7;54;75;68;51;110,25.6,24.25,24.5,23.9,24.6,24.2,24.2,24.2,24.0
8,88,68;89;123;44;15;33;119;18,25.7,23.5,24.0,24.0,24.0,24.0,23.8,23.1,22.5
8,89,20;58;39;112;24;90;110;103,25.4,24.0,24.5,23.1,24.4,24.0,24.0,24.0,23.5
8,90,103;62;43;98;104;24;89;58,25.5,24.875,25.0,23.1,25.0,25.0,25.0,25.0,24.5
8,91,78;65;119;72;57;62;44;94,25.4,24.5,25.0,25.3,25.0,25.0,25.0,24.6,24.5
8,92,94;53;50;87;81;113;34;26,25.6,24.25,24.0,25.6,24.0,24.0,24.0,24.3,24.5
8,93,61;26;18;67;116;30;55;39,25.5,23.75,25.0,23.0,25.0,24.2,23.8,23.1,22.5
8,94,57;82;122;104;126;53;83;90,25.7,23.5,23.0,23.2,23.0,23.0,23.0,23.3,24.0
8,95,108;110;18;116;61;89;46;94,25.5,24.625,25.0,25.0,25.0,24.8,24.2,23.7,23.5
8,96,122;19;24;46;30;41;15;126,25.4,24.125,24.0,24.0,24.0,24.0,24.0,24.0,24.5
8,97,81;46;110;26;112;65;51;99,25.6,23.875,24.0,24.0,24.0,24.0,24.0,24.0,24.0
8,98,67;122;12;82;39;20;71;97,25.8,23.625,24.5,22.1,24.2,24.0,24.0,23.5,22.5
8,99,81;73;119;116;87;43;61;68,25.6,24.5,25.0,23.6,25.0,25.0,25.0,24.4,23.5
8,100,99;104;94;37;82;51;116;71,25.6,24.875,24.5,25.7,24.9,25.0,25.0,25.0,25.5
8,101,68;12;82;112;14;23;80;83,25.6,23.75,24.0,23.4,24.0,24.0,24.0,24.0,24.0
8,102,51;23;116;53;76;40;94;18,25.5,24.125,24.0,25.8,24.0,24.0,24.0,23.6,23.5
8,103,108;112;80;14;98;83;50;110,25.5,23.25,23.5,25.0,23.3,23.3,23.3,23.3,23.5
8,104,94;33;18;7;68;83;15;67,25.6,23.5,24.0,25.0,24.0,24.0,23.7,23.5,23.5
8,105,48;43;110;99;51;20;84;123,25.8,24.125,24.0,24.0,24.0,24.0,24.0,24.0,24.0
8,106,43;99;72;54;40;68;37;103,25.4,24.875,25.0,23.1,25.0,25.0,25.0,25.0,25.0
8,107,40;71;87;41;30;81;7;83,25.4,23.25,23.5,23.0,23.0,23.2,23.2,23.2,23.0
8,108,20;71;40;33;62;41;61;112,25.4,24.25,24.5,23.5,24.5,24.2,24.2,24.2,24.0
8,109,82;90;40;43;68;41;103;76,25.8,24.625,25.0,24.6,25.0,25.0,25.0,24.8,24.0
8,110,80;104;30;68;76;72;78;112,25.3,24.875,25.0,24.3,25.0,25.0,25.0,25.0,24.0
8,111,7;44;110;55;41;119;90;43,25.5,23.5,23.5,23.8,23.8,23.5,23.6,23.6,23.5
8,112,20;113;122;34;62;12;75;76,25.8,24.5,25.0,24.1,25.0,25.0,25.0,24.7,24.0
8,113,87;97;51;116;73;94;7;50,25.6,24.75,24.5,25.9,24.8,24.9,25.0,25.0,25.5
8,114,50;68;89;99;20;26;18;65,25.9,24.0,24.5,23.8,25.0,24.0,24.0,23.3,22.5
8,115,26;62;23;55;87;73;14;89,25.4,24.375,24.5,23.0,24.9,24.4,24.4,24.4,24.5
8,116,98;99;46;103;113;75;89;51,25.8,25.0,25.0,24.2,25.0,25.0,25.0,25.0,25.5
8,117,75;81;122;126;19;71;104;97,25.7,23.75,24.0,23.1,24.0,24.0,24.0,23.9,23.5
8,118,99;98;55;15;90;7;54;104,25.5,24.5,24.0,23.0,24.0,24.0,24.0,24.1,24.5
8,119,71;57;75;126;116;72;58;54,25.5,24.125,24.5,23.2,24.5,24.1,24.1,24.1,24.0
8,120,76;104;71;12;98;39;15;90,25.5,24.375,24.0,24.2,24.0,24.0,24.0,24.0,24.5
8,121,62;41;23;39;14;7;51;26,25.4,23.875,24.0,24.9,24.0,24.0,24.0,24.0,23.5
8,122,80;50;46;99;58;43;18;53,25.7,23.5,23.5,24.3,23.4,23.3,23.3,23.1,23.0
8,123,41;62;53;122;71;108;15;30,25.4,23.625,23.5,22.5,23.0,23.6,23.6,23.6,23.5
8,124,7;54;34;46;37;110;84;75,25.4,23.875,24.0,24.0,24.0,24.0,24.0,24.0,24.0
8,125,116;46;37;58;26;78;50;24,25.5,24.625,24.5,25.4,24.5,24.7,24.7,24.7,25.0
8,126,12;55;58;83;116;104;43;57,25.7,24.375,24.5,23.1,24.3,24.3,24.3,24.3,24.0
8,127,39;80;15;83;55;119;34;76,25.4,24.0,24.0,24.6,24.0,24.0,24.0,24.0,24.0
8,128,87;34;26;75;81;43;94;78,25.6,24.625,25.0,24.0,25.0,25.0,25.0,24.7,24.5
8,129,82;40;80;61;98;83;54;30,25.4,24.125,24.5,24.5,24.9,24.1,24.0,24.0,24.0
8,130,19;97;67;122;46;53;61;87,25.6,24.0,24.5,23.0,24.2,24.0,24.0,23.8,23.5
8,131,119;14;83;94;23;113;37;19,25.5,24.375,24.0,25.0,24.0,24.0,24.0,24.3,25.0
8,132,55;97;68;71;18;75;24;76,25.7,24.375,25.0,24.9,25.0,24.8,24.1,23.4,22.5
8,133,24;94;43;19;61;33;57;30,25.5,25.25,25.0,25.5,25.0,25.0,25.0,25.0,25.5
8,134,90;122;73;33;119;67;54;71,25.7,23.125,23.0,22.9,23.0,23.0,23.0,23.0,22.5
8,135,44;97;84;57;82;58;72;116,25.8,23.5,24.0,23.9,25.0,23.4,23.4,23.3,23.0
8,136,15;99;71;19;26;116;14;40,25.5,23.875,24.0,22.6,24.0,24.0,24.0,24.0,24.0
8,137,112;57;110;24;40;73;97;126,25.4,23.75,24.0,25.0,24.0,24.0,24.0,24.0,23.5
8,138,81;87;94;26;110;41;116;23,25.5,23.875,24.0,22.2,24.0,24.0,24.0,24.1,24.5
8,139,71;89;103;76;99;46;33;78,25.5,25.0,25.0,25.2,25.0,25.0,25.0,25.0,25.0
8,140,122;26;41;19;67;119;98;18,25.8,22.375,23.0,21.0,22.7,22.2,22.2,22.1,21.5
8,141,51;15;43;53;122;75;73;46,25.6,24.25,24.0,24.9,24.0,24.0,24.0,24.1,24.5
8,142,14;80;72;90;110;83;7;53,25.3,23.0,23.0,22.1,23.0,23.0,23.0,23.0,23.5
8,143,39;41;126;94;15;122;98;51,25.5,24.125,24.0,25.0,24.0,24.0,24.0,24.2,25.0
8,144,112;71;78;48;65;116;53;89,25.4,24.625,25.0,25.6,25.0,25.0,25.0,25.0,25.0
8,145,30;41;26;126;67;65;39;37,25.5,23.625,24.0,22.6,24.0,24.0,24.0,23.6,22.5
8,146,98;12;34;94;44;43;68;33,25.8,24.625,24.5,25.9,25.0,24.6,24.6,24.5,24.5
8,147,14;80;43;112;15;68;103;108,25.4,24.375,24.5,24.7,24.8,24.3,24.3,24.3,24.0
8,148,55;112;123;40;71;7;54;44,25.3,23.875,24.0,23.9,24.0,24.0,24.0,24.0,23.5
8,149,73;75;26;20;23;84;48;44,25.7,23.75,24.0,24.0,24.0,24.0,24.0,23.9,24.0
8,150,12;33;15;65;58;37;50;34,25.7,24.0,24.0,24.5,24.0,24.0,24.0,24.0,24.0
8,151,75;104;43;14;41;71;51;99,25.7,24.125,24.0,25.0,24.0,24.0,24.0,24.0,24.0
8,152,50;94;80;78;18;122;71;73,25.6,23.25,23.0,25.0,23.0,23.0,23.2,23.4,23.5
8,153,48;61;78;76;20;94;90;98,25.5,25.5,25.5,26.0,26.0,25.5,25.5,25.5,25.5
8,154,26;94;89;33;104;61;19;110,25.5,25.0,25.0,25.0,25.0,25.0,25.0,25.0,25.0
8,155,65;87;61;108;12;94;82;26,25.6,25.25,25.0,25.0,25.0,25.0,25.0,25.0,26.0
8,156,116;40;18;108;30;33;113;123,25.7,24.125,25.0,25.7,25.0,24.4,24.0,23.4,22.5
8,157,44;110;94;54;24;15;116;73,25.3,24.125,24.5,24.0,24.6,24.2,24.3,24.3,24.5
8,158,54;23;7;46;90;97;122;20,25.6,24.375,24.5,24.5,24.5,24.4,24.4,24.4,24.5
8,159,26;73;65;104;34;89;76;30,25.7,24.625,25.0,23.7,25.0,25.0,25.0,25.0,24.5
8,160,83;71;76;12;7;20;53;97,25.6,24.0,24.0,24.0,24.0,24.0,24.0,24.0,24.0
8,161,76;39;104;82;46;51;68;34,25.7,25.25,25.5,25.9,25.7,25.2,25.2,25.2,25.0
8,162,19;116;83;54;99;18;68;30,25.8,23.75,24.5,24.6,25.0,24.0,23.9,23.2,22.5
8,163,18;26;12;62;99;80;78;126,25.5,23.375,24.0,22.0,24.0,24.0,23.8,23.0,22.0
8,164,103;43;57;73;30;55;116;75,25.6,24.75,25.0,25.8,25.0,25.0,25.0,25.0,24.5
8,165,34;94;126;108;15;81;61;54,25.4,24.5,24.5,25.9,25.0,24.5,24.5,24.5,24.5
8,166,81;53;50;46;72;24;26;12,25.5,24.125,24.0,24.0,24.0,24.0,24.0,24.0,24.0
8,167,46;30;41;78;113;37;72;98,25.4,24.75,25.0,24.2,25.0,25.0,25.0,25.0,24.5
8,168,110;53;51;90;67;98;65;80,25.6,22.875,23.0,22.4,23.0,23.0,23.0,23.0,22.5
8,169,108;43;37;62;73;40;98;30,25.5,24.5,24.5,23.5,24.3,24.5,24.5,24.5,24.5
8,170,53;58;65;54;113;110;12;18,25.6,23.375,23.5,23.5,23.5,23.1,23.0,23.0,22.5
8,171,83;40;71;44;94;37;80;73,25.4,23.375,23.0,22.1,23.0,23.0,23.4,24.0,24.5
8,172,73;75;84;87;81;108;57;23,25.7,23.375,23.5,23.3,23.8,23.3,23.3,23.2,23.0
8,173,89;81;65;48;61;67;55;126,25.5,24.25,25.0,24.0,25.0,25.0,24.3,24.0,23.5
8,174,83;71;80;54;44;73;81;51,25.6,22.625,22.5,23.4,22.3,22.7,22.7,22.7,23.0
8,175,57;12;18;44;65;46;78;89,25.7,23.625,24.5,24.0,25.0,24.0,23.6,23.2,23.0
8,176,67;20;68;18;122;108;123;43,26.0,23.375,24.5,23.0,25.0,24.0,23.4,23.0,22.5
8,177,55;14;7;126;73;48;119;112,25.2,24.375,24.0,25.0,24.0,24.0,24.0,24.0,25.0
8,178,76;40;104;72;48;34;37;57,25.4,24.75,24.5,25.6,24.6,24.8,24.8,24.8,25.0
8,179,82;122;71;126;104;99;41;83,25.7,23.5,23.5,24.7,23.5,23.5,23.6,23.6,24.0
8,180,76;19;98;50;123;54;53;18,25.8,23.625,24.0,24.9,24.0,24.0,23.9,23.1,22.5
8,181,39;122;126;83;54;73;46;30,25.5,24.125,24.5,24.8,24.8,24.1,24.2,24.2,24.5
8,182,44;26;81;119;12;65;83;57,25.8,23.0,23.5,23.8,23.0,23.0,23.0,23.0,23.0
8,183,34;90;75;65;84;87;68;94,25.7,24.5,25.0,25.6,25.0,25.0,25.0,24.6,24.5
8,184,68;75;122;97;71;78;53;23,25.6,24.125,24.5,23.6,24.1,24.1,24.1,24.1,24.0
8,185,40;116;83;113;37;20;73;33,25.7,24.25,24.5,23.7,24.5,24.2,24.2,24.2,24.0
8,186,81;53;112;122;78;83;15;123,25.6,23.125,23.5,22.1,23.2,23.1,23.1,23.1,23.0
8,187,37;39;78;34;116;103;43;12,25.5,24.625,25.0,25.4,25.0,25.0,25.0,25.0,24.5
8,188,34;116;110;37;108;90;126;40,25.5,23.75,24.0,22.9,24.0,24.0,24.0,24.0,23.5
8,189,58;12;80;39;54;57;113;94,25.5,24.5,24.5,25.0,24.6,24.6,24.7,24.7,25.0
8,190,81;104;26;89;72;110;33;55,25.5,24.25,25.0,24.0,25.0,25.0,24.8,24.2,23.5
8,191,81;78;26;119;39;43;48;18,25.5,23.875,24.5,24.0,25.0,24.0,24.0,23.4,23.0
8,192,87;57;99;37;94;68;58;72,25.5,24.75,24.5,25.3,24.1,24.9,24.9,25.0,25.5
8,193,58;80;62;82;41;19;116;53,25.6,23.625,23.5,23.3,23.9,23.6,23.6,23.6,23.5
8,194,90;19;20;82;104;44;108;41,25.9,23.875,24.5,23.6,25.0,24.0,24.0,24.0,23.5
8,195,78;123;73;7;99;68;87;67,25.7,23.875,24.0,23.0,24.0,24.0,24.0,23.8,23.0
8,196,37;67;97;62;80;83;104;61,25.5,23.75,24.5,23.0,24.2,24.0,24.0,23.6,23.0
8,197,97;90;33;112;48;73;98;110,25.6,24.125,24.0,24.9,24.0,24.0,24.0,24.0,24.5
8,198,72;51;33;83;37;97;40;20,25.6,24.25,24.5,22.3,24.2,24.2,24.2,24.1,23.5
8,199,89;57;73;99;97;40;14;54,25.7,24.0,24.0,25.1,24.0,24.0,24.0,24.0,24.0
8,200,14;84;46;53;24;44;123;37,25.4,23.5,23.5,24.0,23.3,23.6,23.6,23.7,24.0
8,201,80;24;19;43;78;55;14;104,25.3,24.625,25.0,24.3,25.0,25.0,25.0,24.8,24.0
8,202,123;108;65;39;41;54;78;80,25.5,24.125,25.0,24.2,25.0,25.0,24.9,24.3,23.5
8,203,67;37;53;116;54;39;61;94,25.3,24.5,25.0,25.7,25.0,25.0,24.6,24.2,24.0
8,204,23;78;83;44;123;89;30;43,25.7,24.0,24.5,23.6,24.0,24.0,24.0,24.0,23.5
8,205,37;83;126;23;84;87;78;113,25.4,23.875,24.0,23.8,24.0,24.0,24.0,24.0,23.5
8,206,67;68;46;73;103;65;14;122,25.7,23.875,24.0,24.9,24.7,23.8,23.7,23.7,23.5
8,207,12;62;83;48;82;54;19;41,25.7,24.25,24.5,24.5,24.5,24.2,24.2,24.3,24.5
8,208,43;53;94;123;26;57;97;103,25.6,24.75,24.5,25.9,24.0,24.9,24.9,25.0,25.5
8,209,54;57;43;33;123;103;75;72,25.6,24.75,25.0,23.2,25.0,25.0,25.0,25.0,24.5
8,210,40;89;14;51;19;83;126;58,25.7,23.625,24.0,22.1,24.0,24.0,24.0,24.0,23.5
8,211,122;14;33;24;20;46;15;19,25.5,24.375,24.5,24.2,24.2,24.4,24.4,24.4,24.5
8,212,65;30;23;119;24;37;126;68,25.3,24.625,24.5,24.4,24.2,24.6,24.6,24.7,25.0
8,213,99;54;94;37;40;30;98;62,25.3,24.875,24.5,25.7,24.9,25.0,25.0,25.0,26.0
8,214,119;41;89;126;83;123;122;34,25.8,23.25,23.5,23.2,23.2,23.3,23.3,23.3,23.5
8,215,126;99;37;112;12;68;55;40,25.4,24.5,24.0,23.6,24.0,24.0,24.0,24.0,25.0
8,216,30;34;71;50;97;123;81;98,25.8,23.625,24.0,22.7,24.0,24.0,24.0,23.8,23.0
8,217,87;24;116;46;90;62;18;110,25.4,23.875,25.0,24.1,25.0,24.4,23.7,23.3,23.0
8,218,19;7;14;67;108;46;104;122,25.6,23.875,24.0,24.2,24.0,24.0,24.0,23.8,23.5
8,219,87;76;48;55;26;103;41;78,25.4,25.0,25.0,24.4,25.0,25.0,25.0,25.0,24.5
8,220,39;57;108;37;54;113;90;78,25.6,24.5,25.0,25.3,25.0,25.0,25.0,24.9,24.5
8,221,40;19;68;58;67;15;99;33,25.7,23.75,24.0,23.0,24.0,24.0,24.0,23.8,23.0
8,222,71;24;99;46;119;90;72;48,25.4,24.75,24.5,25.4,24.5,24.8,24.8,24.9,25.0
8,223,116;48;123;55;7;53;46;19,25.4,25.0,24.5,25.7,24.4,25.0,25.0,25.0,25.0
8,224,71;20;7;84;44;14;39;43,25.5,23.5,23.5,23.9,23.9,23.5,23.4,23.4,23.5
8,225,122;51;30;76;12;90;82;89,25.9,24.25,24.5,23.4,24.4,24.2,24.2,24.2,24.0
8,226,39;57;122;67;62;61;104;123,25.6,23.875,24.5,23.0,24.0,24.0,24.0,23.7,23.0
8,227,99;67;116;75;41;84;33;90,25.9,23.125,23.5,22.0,24.0,23.0,23.0,23.0,22.5
8,228,14;39;116;15;80;113;110;55,25.3,24.125,24.5,24.8,24.0,24.1,24.1,24.1,24.0
8,229,40;67;50;80;94;99;123;46,25.6,24.125,24.0,25.0,24.0,24.0,24.0,24.0,24.0
8,230,81;55;83;30;78;33;62;90,25.6,24.0,25.0,23.5,25.0,25.0,24.6,24.0,23.5
8,231,84;19;44;41;57;43;46;126,25.7,23.5,23.5,24.0,23.3,23.6,23.6,23.7,24.0
8,232,65;98;87;126;80;73;61;103,25.4,24.25,24.5,24.0,24.0,24.2,24.2,24.2,24.0
8,233,24;113;75;103;116;12;94;78,25.5,25.375,25.0,25.3,25.0,25.0,25.0,25.0,26.0
8,234,7;108;48;58;62;55;72;84,25.4,24.5,25.0,24.0,25.0,25.0,25.0,24.5,24.0
8,235,80;126;61;51;113;48;98;14,25.4,24.5,24.0,24.8,24.0,24.0,24.0,24.2,24.5
8,236,108;19;110;33;12;94;44;53,25.6,24.0,24.0,22.8,24.0,24.0,24.0,24.2,24.5
8,237,18;72;26;89;119;20;73;81,25.7,23.25,24.0,22.0,24.0,24.0,23.4,23.0,22.0
8,238,34;99;98;44;12;14;119;104,25.6,23.625,24.0,23.4,24.0,24.0,24.0,23.9,23.5
8,239,58;7;83;50;90;43;71;15,25.7,23.625,23.5,24.2,23.2,23.7,23.7,23.7,24.0
8,240,14;51;82;46;37;89;20;99,25.7,24.625,24.5,24.7,24.4,24.7,24.7,24.7,25.0
8,241,110;58;30;113;104;78;23;51,25.5,24.375,24.5,23.1,25.0,24.3,24.3,24.3,24.0
8,242,51;33;99;90;81;89;98;104,25.9,24.0,24.0,24.0,24.0,24.0,24.0,24.0,23.5
8,243,51;41;76;62;97;58;87;57,25.8,24.125,24.5,23.3,24.2,24.1,24.1,24.1,24.0
8,244,112;103;55;37;53;33;15;41,25.3,24.125,24.0,24.7,24.0,24.0,24.0,24.0,24.0
8,245,23;110;55;26;73;119;33;71,25.4,23.875,24.0,24.4,24.0,24.0,24.0,24.0,24.0
8,246,12;89;30;55;123;73;122;68,25.8,24.375,24.5,24.3,24.4,24.3,24.3,24.3,24.0
8,247,57;20;7;34;61;53;103;12,25.5,24.125,24.0,25.8,24.0,24.0,24.0,24.0,24.5
8,248,80;14;48;50;123;51;94;76,25.6,24.75,24.0,25.0,24.0,24.0,24.2,24.7,25.0
8,249,51;53;46;75;54;113;81;90,25.7,24.25,24.5,24.0,24.6,24.2,24.2,24.1,24.0
8,250,94;30;108;116;50;51;18;55,25.7,24.5,25.0,25.8,25.0,24.6,24.0,23.7,23.5
8,251,104;18;54;41;15;20;116;87,25.5,23.875,25.0,23.8,25.0,24.4,24.0,23.2,22.5
8,252,104;18;78;65;97;37;55;73,25.6,24.125,25.0,25.2,25.0,24.4,24.0,23.3,22.5
8,253,84;108;98;33;19;53;39;103,25.6,24.0,24.5,23.0,25.0,24.0,24.0,24.0,23.0
8,254,123;84;26;122;73;98;14;89,25.8,23.25,23.5,23.4,23.0,23.2,23.2,23.2,23.0
8,255,83;98;23;15;18;51;19;123,25.8,23.125,24.0,22.0,24.0,24.0,23.8,22.9,21.5
8,256,112;123;122;98;103;44;94;89,25.6,24.125,24.0,22.7,24.0,24.0,24.0,24.2,24.5
8,257,55;83;7;73;15;103;122;20,25.5,23.875,24.0,23.8,24.0,24.0,24.0,24.0,24.0
8,258,87;41;46;84;73;61;98;126,25.5,24.0,24.0,24.0,24.0,24.0,24.0,24.0,24.0
8,259,103;94;75;90;26;119;51;71,25.6,24.5,24.0,25.6,24.0,24.0,24.0,24.6,25.5
8,260,44;48;84;89;94;53;30;23,25.4,24.25,24.5,24.0,25.0,24.3,24.3,24.3,24.5
8,261,61;99;23;73;26;113;24;46,25.5,24.875,24.5,24.9,24.3,24.9,24.9,24.9,25.0
8,262,30;7;53;54;104;19;112;103,25.2,24.5,24.5,23.4,24.7,24.5,24.5,24.5,24.5
8,263,76;90;33;80;37;55;119;116,25.5,24.375,24.5,23.9,24.3,24.3,24.3,24.3,24.0
8,264,119;23;104;99;112;58;15;43,25.4,24.375,24.0,23.0,24.0,24.0,24.0,24.0,24.5
8,265,14;73;37;20;75;76;83;110,25.6,23.75,23.5,23.0,23.6,23.8,23.8,23.8,24.0
8,266,55;103;122;18;24;82;15;7,25.4,23.75,24.5,23.7,25.0,24.0,23.9,23.2,22.5
8,267,119;34;76;83;20;46;67;103,25.6,24.0,24.5,24.7,24.0,24.0,24.0,23.8,23.5
8,268,30;39;44;113;104;82;98;119,25.6,24.5,25.0,23.4,25.0,25.0,25.0,24.4,23.5
8,269,20;68;18;44;39;33;122;19,25.8,23.375,24.5,23.7,25.0,24.0,23.5,23.0,22.5
8,270,87;104;122;65;73;116;84;50,25.8,23.875,24.5,23.3,24.7,24.0,24.0,24.0,23.5
8,271,97;83;123;65;82;55;50;110,25.8,24.125,24.5,23.6,25.0,24.1,24.0,24.0,24.0
8,272,44;39;119;14;116;94;7;82,25.4,24.375,24.5,22.2,24.3,24.4,24.4,24.5,24.5
8,273,55;98;39;84;65;75;71;82,25.6,24.25,25.0,23.8,25.0,25.0,24.8,24.2,23.5
8,274,62;39;30;112;73;23;89;46,25.3,24.75,25.0,24.7,25.0,25.0,25.0,25.0,25.0
8,275,20;62;39;34;112;80;89;83,25.5,23.875,24.5,24.3,24.6,24.0,24.0,24.0,23.5
8,276,15;103;89;110;104;99;46;62,25.3,24.75,25.0,24.1,25.0,25.0,25.0,25.0,24.5
8,277,41;97;34;82;24;110;39;104,25.5,24.125,25.0,24.5,25.0,25.0,24.9,24.3,24.0
8,278,20;68;26;62;83;18;61;37,25.6,23.875,24.5,24.3,25.0,24.0,24.0,23.3,22.5
8,279,57;61;14;19;54;50;37;122,25.6,23.875,24.0,23.4,24.0,24.0,24.0,24.0,24.0
8,280,73;83;55;54;15;57;71;89,25.5,23.875,23.5,23.2,23.2,23.9,23.9,23.9,24.0
8,281,37;18;83;65;112;12;20;43,25.7,23.625,24.0,24.6,24.0,24.0,23.9,23.1,22.5
8,282,23;14;78;72;81;98;76;40,25.4,24.0,24.0,23.8,24.0,24.0,24.0,24.0,23.5
8,283,50;23;68;97;20;110;55;103,25.6,24.625,25.0,24.8,25.0,25.0,25.0,24.8,24.0
8,284,26;44;108;73;55;20;50;39,25.7,24.125,24.5,23.1,25.0,24.0,24.0,24.0,23.5
8,285,54;55;78;24;33;83;44;20,25.5,24.25,25.0,23.8,25.0,25.0,25.0,24.4,23.5
8,286,61;122;94;81;19;112;23;83,25.6,23.875,24.0,25.0,24.0,24.0,24.0,24.0,24.5
8,287,89;82;58;37;54;90;99;51,25.8,24.125,24.0,22.6,24.0,24.0,24.0,24.0,24.0
8,288,55;112;97;50;123;51;75;20,25.8,24.625,24.5,23.9,24.9,24.6,24.6,24.7,25.0
8,289,83;78;97;33;44;89;87;34,25.7,23.875,25.0,23.3,25.0,25.0,24.5,23.9,23.0
8,290,112;53;7;34;68;108;81;122,25.7,23.5,23.5,23.9,23.9,23.5,23.5,23.5,23.5
8,291,7;122;44;97;57;51;119;113,25.8,23.625,24.0,23.6,24.0,24.0,24.0,23.9,23.5
8,292,75;34;67;122;14;58;90;87,25.8,23.0,23.0,22.0,23.0,23.0,23.0,23.0,22.5
8,293,14;30;19;78;55;53;20;71,25.3,24.25,24.5,24.5,25.0,24.3,24.3,24.3,24.5
8,294,89;15;123;43;61;30;112;116,25.5,24.875,25.0,25.9,25.0,25.0,25.0,25.0,25.0
8,295,90;78;12;119;97;50;40;89,25.7,24.25,24.0,22.5,24.0,24.0,24.0,24.0,24.0
8,296,15;84;58;72;81;119;103;97,25.6,23.5,24.0,24.0,24.0,24.0,24.0,23.6,23.0
8,297,39;65;84;62;46;126;73;113,25.5,24.5,25.0,24.0,25.0,25.0,25.0,24.5,24.0
8,298,72;71;62;41;78;24;104;7,25.2,24.375,25.0,24.1,25.0,25.0,25.0,24.6,24.0
8,299,55;15;112;44;41;57;50;98,25.6,23.5,24.0,23.1,24.0,24.0,24.0,23.8,23.5
9,0,87;48;108;73;34;44;57;112;55,25.5,24.111,24.0,24.0,24.0,24.0,24.0,24.0,24.0
9,1,26;103;78;82;40;34;41;113;122,25.7,24.0,24.0,23.9,24.0,24.0,24.0,24.0,24.0
9,2,54;53;99;112;94;57;58;44;73,25.6,23.778,23.0,23.6,23.0,23.3,23.8,24.0,24.5
9,3,116;48;126;84;112;122;80;110;99,25.5,23.444,24.0,24.0,24.0,24.0,23.9,23.8,24.0
9,4,78;14;19;72;94;23;83;73;53,25.4,24.111,24.0,25.0,24.0,24.0,24.0,24.3,25.0
9,5,103;126;53;81;94;34;30;20;122,25.5,24.0,24.0,22.2,24.0,24.0,24.0,24.2,24.5
9,6,84;50;126;87;76;14;26;73;82,25.7,23.889,24.0,23.0,24.0,24.0,24.0,24.0,23.5
9,7,104;67;81;71;72;98;53;46;55,25.4,23.889,24.0,24.0,24.0,24.0,24.0,23.7,23.5
9,8,19;76;72;53;14;61;116;62;40,25.4,24.556,25.0,23.2,25.0,25.0,25.0,24.7,24.5
9,9,57;126;7;78;122;104;23;71;54,25.3,24.0,24.0,24.4,24.0,24.0,24.0,24.0,24.0
9,10,119;72;33;126;55;50;12;57;123,25.6,24.333,24.0,24.4,24.0,24.0,24.0,24.0,24.5
9,11,40;54;68;57;23;72;75;99;123,25.6,24.444,24.0,25.0,24.0,24.0,24.0,24.2,24.5
9,12,39;108;37;83;7;110;34;41;119,25.5,23.444,24.0,25.0,24.0,24.0,23.9,23.6,23.5
9,13,12;71;75;53;20;43;30;78;108,25.6,24.556,25.0,25.7,25.0,25.0,25.0,25.0,24.5
9,14,104;54;7;55;123;103;40;18;50,25.4,24.111,24.0,25.8,24.0,24.0,24.0,23.4,22.5
9,15,71;126;78;43;51;122;103;110;94,25.4,24.333,24.0,25.0,24.0,24.0,24.2,24.5,25.0
9,16,84;98;90;24;67;50;97;39;75,25.8,23.556,24.0,22.7,24.0,24.0,24.0,23.5,22.5
9,17,41;108;37;75;90;24;23;113;68,25.7,24.444,25.0,23.6,25.0,25.0,24.8,24.5,24.0
9,18,112;44;68;54;80;83;20;71;19,25.6,23.556,24.0,23.3,24.0,24.0,23.9,23.7,23.5
9,19,26;33;34;112;58;15;7;40;84,25.5,23.556,24.0,23.1,24.0,24.0,24.0,23.9,23.0
9,20,43;61;126;23;110;57;90;83;20,25.6,23.889,24.0,23.4,24.0,24.0,24.0,24.0,24.0
9,21,46;90;98;112;76;68;78;15;75,25.6,24.889,25.0,25.7,25.0,25.0,25.0,25.0,25.0
9,22,119;41;78;46;34;112;108;110;81,25.5,23.667,24.0,24.0,24.0,24.0,24.0,23.9,24.0
9,23,75;14;37;57;53;84;55;33;12,25.6,23.778,24.0,23.6,24.0,24.0,24.0,23.8,23.5
9,24,54;67;90;24;53;119;81;103;62,25.4,23.444,24.0,22.9,24.0,24.0,23.5,23.2,22.5
9,25,14;84;61;20;71;67;43;122;113,25.7,23.556,23.0,23.0,23.0,23.0,23.2,23.3,23.0
9,26,112;98;51;43;12;24;78;40;54,25.4,24.556,24.0,26.5,24.0,24.0,24.1,24.4,25.0
9,27,78;104;37;20;46;110;126;7;81,25.3,24.222,24.0,24.0,24.0,24.0,24.0,24.0,24.0
9,28,78;44;123;39;81;108;54;113;99,25.7,24.0,25.0,23.2,25.0,24.6,24.1,24.0,23.5
9,29,119;99;73;12;104;83;41;94;116,25.7,24.222,24.0,25.0,24.0,24.0,24.0,24.3,25.0
9,30,40;61;113;76;126;90;30;7;80,25.4,24.444,24.0,23.4,24.0,24.0,24.0,24.2,24.0
9,31,78;116;126;119;71;39;82;7;41,25.4,24.111,24.0,22.3,24.0,24.0,24.0,24.0,23.5
9,32,18;110;90;24;41;89;30;62;123,25.6,23.333,24.0,22.0,24.0,23.7,23.2,23.0,22.0
9,33,18;116;84;54;90;122;19;23;33,25.8,23.111,24.0,22.0,24.0,23.5,23.1,22.9,22.0
9,34,72;123;61;104;82;46;34;43;53,25.5,25.0,25.0,26.0,25.0,25.0,25.0,25.0,25.0
9,35,7;99;68;40;20;33;12;43;80,25.6,24.444,24.0,25.0,24.0,24.0,24.0,24.2,24.0
9,36,83;57;104;108;39;18;24;30;12,25.6,23.778,25.0,23.6,25.0,24.0,23.8,23.2,22.5
9,37,15;82;43;65;40;83;84;61;108,25.7,24.222,25.0,23.1,25.0,24.9,24.4,24.1,23.5
9,38,123;46;44;61;87;57;58;89;23,25.6,24.222,24.0,24.0,24.0,24.0,24.0,24.0,24.0
9,39,51;112;57;73;40;113;97;50;24,25.7,24.222,24.0,23.8,24.0,24.0,24.0,24.0,24.5
9,40,126;19;113;103;123;90;72;44;104,25.6,24.222,24.0,23.0,24.0,24.0,24.0,24.0,23.5
9,41,71;7;72;108;104;84;18;39;68,25.5,23.778,25.0,23.3,25.0,24.0,23.8,23.2,22.5
9,42,113;126;82;48;80;110;33;20;19,25.6,24.444,25.0,25.0,25.0,25.0,24.8,24.5,24.5
9,43,55;65;80;40;46;104;26;67;89,25.5,24.333,25.0,24.6,25.0,24.7,24.2,24.0,23.5
9,44,82;37;65;99;62;89;39;73;84,25.7,24.111,25.0,23.3,25.0,24.9,24.3,24.0,23.0
9,45,72;87;71;123;7;108;97;41;40,25.5,24.111,24.0,23.8,24.0,24.0,24.0,24.0,23.5
9,46,67;98;116;76;62;81;48;26;44,25.7,23.667,24.0,23.0,24.0,24.0,24.0,23.7,23.5
9,47,14;81;126;76;15;7;19;97;44,25.6,23.556,24.0,24.0,24.0,24.0,24.0,23.8,23.5
9,48,62;108;34;24;48;12;122;83;123,25.7,24.111,24.0,24.3,24.0,24.0,24.0,24.0,24.5
9,49,68;113;122;126;58;23;119;104;89,25.6,24.444,24.0,23.5,24.0,24.0,24.0,24.2,24.0
9,50,18;71;19;33;44;113;48;65;62,25.6,23.889,25.0,24.0,25.0,24.0,23.9,23.3,23.0
9,51,82;122;37;58;19;62;53;46;67,25.6,23.667,24.0,25.0,24.0,24.0,23.9,23.6,23.5
9,52,14;71;78;116;30;51;119;57;18,25.5,23.444,24.0,22.0,24.0,23.8,23.2,23.0,22.0
9,53,51;55;90;19;54;123;24;126;97,25.6,24.444,24.0,26.0,24.0,24.0,24.0,24.2,24.5
9,54,23;123;44;80;54;39;20;30;67,25.5,23.444,24.0,22.9,24.0,24.0,24.0,23.4,22.5
9,55,20;73;108;87;122;24;75;50;54,25.7,24.333,25.0,22.0,25.0,25.0,25.0,24.7,23.5
9,56,98;15;84;82;55;99;72;87;39,25.5,24.333,25.0,23.0,25.0,25.0,24.5,24.1,23.5
9,57,18;19;112;82;89;90;94;104;50,25.7,24.222,24.0,25.6,24.0,24.0,24.0,23.7,23.5
9,58,50;26;61;65;84;108;81;116;51,25.8,23.889,24.0,24.0,24.0,24.0,24.0,24.0,23.5
9,59,78;37;57;116;30;33;61;123;18,25.6,24.0,25.0,26.0,25.0,24.0,24.0,23.3,22.5
9,60,54;112;65;26;89;73;119;30;48,25.5,24.667,25.0,25.1,25.0,25.0,25.0,24.9,25.0
9,61,50;40;104;75;37;48;94;19;23,25.4,25.111,24.0,26.1,24.0,24.4,24.9,25.0,26.0
9,62,84;20;14;126;30;89;57;72;87,25.5,24.0,25.0,23.1,25.0,24.8,24.2,24.0,23.0
9,63,62;37;40;67;23;58;89;98;20,25.6,23.778,24.0,22.8,24.0,24.0,24.0,23.8,22.5
9,64,104;84;68;90;73;112;116;53;98,25.7,23.889,24.0,23.9,24.0,24.0,24.0,24.0,23.5
9,65,12;84;41;87;61;46;76;81;82,25.7,24.111,25.0,24.0,25.0,24.7,24.2,24.0,24.0
9,66,24;82;68;43;113;51;62;103;99,25.7,25.111,25.0,23.2,25.0,25.0,25.0,25.0,25.0
9,67,80;126;67;84;78;123;122;65;46,25.6,23.333,24.0,22.5,24.0,24.0,23.6,23.5,23.5
9,68,43;26;108;7;123;44;89;12;54,25.7,24.222,24.0,23.7,24.0,24.0,24.0,24.0,23.5
9,69,24;80;15;99;26;53;55;40;12,25.3,24.0,24.0,23.0,24.0,24.0,24.0,24.0,24.0
9,70,18;75;87;40;55;110;103;122;68,25.5,23.778,25.0,25.0,25.0,24.0,23.8,23.2,22.5
9,71,30;26;46;34;7;55;112;81;72,25.4,24.333,24.0,24.0,24.0,24.0,24.0,24.1,24.0
9,72,24;75;20;116;97;37;58;82;48,25.7,24.889,25.0,24.2,25.0,25.0,25.0,25.0,25.0
9,73,39;48;24;30;83;51;98;78;110,25.4,24.333,25.0,24.9,25.0,25.0,24.7,24.4,24.5
9,74,23;48;46;65;119;14;123;7;58,25.4,24.556,24.0,24.7,24.0,24.0,24.0,24.3,25.0
9,75,126;68;71;57;18;123;87;110;7,25.5,23.333,24.0,24.8,24.0,23.7,23.2,23.0,22.5
9,76,104;71;39;122;84;110;123;108;44,25.6,23.222,23.0,23.7,23.0,23.0,23.0,23.2,23.5
9,77,39;123;24;40;54;12;126;57;18,25.5,23.667,24.0,22.0,24.0,24.0,24.0,23.2,22.0
9,78,53;108;24;43;87;18;34;80;46,25.4,23.889,25.0,24.8,25.0,24.0,23.6,23.3,23.0
9,79,24;58;41;78;82;57;89;55;62,25.6,24.333,25.0,24.8,25.0,25.0,25.0,24.7,24.0
9,80,90;48;34;78;76;26;112;65;72,25.6,24.667,25.0,24.6,25.0,25.0,25.0,24.9,25.0
9,81,55;80;53;123;65;34;18;76;108,25.7,23.667,24.0,23.4,24.0,23.9,23.4,23.1,22.5
9,82,33;14;23;15;97;126;99;84;39,25.5,23.889,24.0,23.9,24.0,24.0,24.0,24.0,23.0
9,83,20;116;24;44;43;53;61;97;108,25.6,24.556,25.0,23.1,25.0,25.0,25.0,24.7,23.5
9,84,33;94;89;80;37;48;108;87;18,25.5,24.444,25.0,25.0,25.0,24.7,24.1,23.7,23.5
9,85,54;12;90;81;108;7;112;40;19,25.6,23.778,24.0,22.4,24.0,24.0,24.0,24.0,23.0
9,86,104;67;68;61;73;12;18;110;23,25.6,23.333,24.0,23.0,24.0,23.6,23.2,23.0,22.5
9,87,37;83;122;73;84;99;68;87;97,25.8,23.556,24.0,23.4,24.0,24.0,23.9,23.7,23.5
9,88,44;90;18;41;84;14;89;71;57,25.8,22.222,23.0,22.0,23.0,23.0,22.5,22.2,22.0
9,89,24;84;19;116;103;7;18;55;98,25.6,23.667,24.0,23.0,24.0,24.0,24.0,23.2,22.5
9,90,84;37;99;48;126;54;110;87;65,25.4,24.111,24.0,24.0,24.0,24.0,24.0,24.0,24.0
9,91,112;81;15;116;18;126;7;80;50,25.5,23.0,24.0,22.0,24.0,24.0,23.4,22.8,22.0
9,92,113;24;26;123;57;75;84;39;72,25.6,24.222,25.0,23.9,25.0,25.0,24.4,24.1,23.5
9,93,18;97;94;65;24;61;67;12;73,25.7,23.889,25.0,25.7,25.0,24.0,23.9,23.5,23.5
9,94,97;46;37;112;51;67;90;23;75,25.6,24.0,24.0,24.3,24.0,24.0,24.0,24.0,23.5
9,95,123;57;26;34;46;71;43;44;19,25.7,23.889,24.0,24.0,24.0,24.0,24.0,24.0,24.0
9,96,39;65;89;40;54;46;78;76;122,25.5,24.889,25.0,24.3,25.0,25.0,25.0,25.0,24.5
9,97,34;65;7;83;57;23;116;123;90,25.8,23.667,24.0,22.3,24.0,24.0,24.0,23.9,23.5
9,98,126;71;97;67;108;37;94;89;103,25.5,24.333,25.0,25.2,25.0,24.8,24.3,24.1,24.0
9,99,39;76;23;37;46;119;80;87;50,25.3,24.556,24.0,24.0,24.0,24.0,24.2,24.4,24.5
9,100,62;7;123;48;53;104;68;87;33,25.4,25.0,25.0,25.3,25.0,25.0,25.0,25.0,25.0
9,101,78;26;37;23;119;12;104;108;123,25.5,24.444,24.0,23.8,24.0,24.0,24.0,24.0,25.0
9,102,58;73;51;83;55;15;80;87;94,25.5,24.111,24.0,25.0,24.0,24.0,24.0,24.2,25.0
9,103,87;20;81;55;39;30;15;26;12,25.5,24.333,25.0,23.0,25.0,25.0,24.5,24.1,23.5
9,104,15;110;81;68;20;43;116;80;62,25.5,24.0,25.0,23.7,25.0,24.7,24.2,24.0,23.5
9,105,50;54;43;46;84;113;37;108;78,25.6,24.778,25.0,24.0,25.0,25.0,25.0,24.7,24.0
9,106,58;48;55;50;123;62;39;94;26,25.5,25.111,25.0,25.3,25.0,25.0,25.0,25.0,25.5
9,107,26;82;30;80;24;108;112;34;58,25.6,24.0,24.0,22.1,24.0,24.0,24.0,24.0,23.5
9,108,82;20;54;12;43;68;34;57;67,25.8,24.111,25.0,23.0,25.0,24.6,24.1,23.8,23.0
9,109,80;37;15;65;72;41;61;40;84,25.3,23.667,24.0,23.9,24.0,24.0,24.0,24.0,23.5
9,110,119;87;80;12;7;40;98;26;81,25.4,23.556,24.0,23.9,24.0,24.0,24.0,24.0,23.0
9,111,48;94;14;7;24;41;19;99;97,25.5,24.667,24.0,25.0,24.0,24.0,24.5,24.8,25.0
9,112,97;54;40;14;20;71;39;19;24,25.4,24.333,25.0,22.6,25.0,25.0,24.8,24.5,24.0
9,113,24;19;57;20;112;82;39;97;54,25.6,24.556,25.0,22.3,25.0,25.0,25.0,25.0,24.0
9,114,19;97;34;68;83;55;81;18;99,25.9,23.333,24.0,23.5,24.0,23.7,23.3,23.0,22.5
9,115,104;19;62;34;83;68;37;14;44,25.6,23.778,24.0,23.9,24.0,24.0,24.0,23.9,23.5
9,116,126;94;50;119;78;99;46;7;34,25.4,24.778,24.0,25.5,24.0,24.0,24.0,24.7,25.5
9,117,97;68;26;119;37;80;20;72;82,25.6,24.444,25.0,24.4,25.0,25.0,24.8,24.5,24.0
9,118,15;122;87;123;62;75;58;67;119,25.6,23.556,24.0,22.3,24.0,24.0,24.0,23.5,22.5
9,119,98;65;83;7;112;37;19;39;26,25.5,24.0,24.0,24.5,24.0,24.0,24.0,24.0,23.5
9,120,39;71;55;58;43;98;7;46;61,25.4,24.889,25.0,24.7,25.0,25.0,25.0,25.0,25.0
9,121,62;123;23;12;50;30;20;94;103,25.5,24.889,25.0,26.4,25.0,25.0,25.0,25.0,26.0
9,122,119;89;26;61;94;48;98;81;34,25.6,24.667,24.0,25.3,24.0,24.0,24.4,24.5,24.5
9,123,24;110;68;19;126;14;71;62;51,25.4,24.0,24.0,24.4,24.0,24.0,24.0,24.0,24.0
9,124,55;62;19;99;57;39;112;51;15,25.5,24.333,24.0,23.1,24.0,24.0,24.0,24.0,24.5
9,125,57;116;54;7;94;123;41;58;110,25.6,24.0,24.0,25.0,24.0,24.0,24.0,24.2,25.0
9,126,99;65;75;126;61;15;44;54;50,25.6,24.222,24.0,23.1,24.0,24.0,24.0,24.0,23.5
9,127,76;61;73;46;54;40;39;43;7,25.4,25.111,25.0,24.9,25.0,25.0,25.0,25.0,25.0
9,128,14;54;78;12;44;76;119;57;53,25.5,23.778,24.0,23.6,24.0,24.0,24.0,23.8,23.5
9,129,71;75;78;12;40;19;119;98;26,25.5,24.111,24.0,22.9,24.0,24.0,24.0,24.0,24.0
9,130,46;81;18;41;104;99;123;83;82,25.8,23.333,24.0,24.0,24.0,23.7,23.4,23.2,23.0
9,131,97;112;57;26;110;33;48;123;90,25.7,24.111,24.0,25.0,24.0,24.0,24.0,24.0,24.5
9,132,18;84;15;103;119;65;87;75;7,25.5,23.556,24.0,22.0,24.0,24.0,24.0,23.1,22.0
9,133,81;41;94;68;87;18;98;50;119,25.7,23.667,24.0,24.0,24.0,24.0,23.9,23.6,23.5
9,134,98;46;76;89;84;18;99;39;19,25.8,23.889,24.0,24.0,24.0,24.0,24.0,23.4,23.0
9,135,41;98;78;33;108;123;15;48;44,25.6,24.111,24.0,24.0,24.0,24.0,24.0,24.0,24.0
9,136,78;57;108;94;40;103;24;87;89,25.3,25.0,25.0,25.4,25.0,25.0,25.0,25.0,25.5
9,137,48;81;44;116;12;15;82;104;110,25.6,23.889,24.0,24.0,24.0,24.0,24.0,24.0,24.0
9,138,39;18;53;89;41;51;81;44;126,25.7,22.667,23.0,22.0,23.0,23.0,22.8,22.5,22.0
9,139,104;99;72;94;18;98;33;122;81,25.7,23.778,24.0,23.6,24.0,24.0,23.9,23.6,23.5
9,140,7;84;72;44;76;14;116;112;89,25.5,23.778,24.0,24.0,24.0,24.0,24.0,23.9,23.5
9,141,51;19;30;7;58;34;14;37;48,25.5,24.111,24.0,24.4,24.0,24.0,24.0,24.0,25.0
9,142,113;81;39;58;68;50;82;123;30,25.8,24.333,25.0,23.5,25.0,25.0,24.5,24.2,23.5
9,143,14;81;80;7;65;19;67;46;23,25.5,23.333,24.0,22.6,24.0,24.0,23.6,23.5,23.5
9,144,75;51;78;20;82;53;84;55;65,25.7,24.333,25.0,23.2,25.0,25.0,25.0,24.4,23.5
9,145,119;112;44;48;46;80;123;98;68,25.5,24.333,24.0,24.0,24.0,24.0,24.0,24.0,24.0
9,146,67;62;90;15;89;116;14;39;81,25.6,23.444,24.0,22.4,24.0,24.0,23.5,23.2,22.5
9,147,80;7;83;23;24;123;71;15;19,25.4,23.556,24.0,24.3,24.0,24.0,24.0,24.0,23.5
9,148,23;110;18;33;19;72;112;123;83,25.6,23.222,24.0,22.0,24.0,24.0,23.6,22.9,22.0
9,149,112;62;65;108;75;68;41;46;71,25.6,24.667,25.0,24.1,25.0,25.0,25.0,25.0,24.5
9,150,37;18;126;34;58;48;39;46;108,25.5,24.111,24.0,24.8,24.0,24.0,24.0,23.5,23.0
9,151,51;26;123;90;58;84;98;110;113,25.9,23.444,24.0,23.2,24.0,24.0,23.8,23.6,23.5
9,152,87;108;84;14;20;39;55;80;34,25.5,23.889,25.0,23.9,25.0,24.6,24.1,23.9,23.5
9,153,126;72;94;55;108;48;98;75;26,25.5,25.333,25.0,26.7,25.0,25.0,25.0,25.1,26.0
9,154,48;53;122;116;34;97;20;44;80,25.7,23.667,23.0,24.0,23.0,23.0,23.5,23.7,24.0
9,155,39;26;14;24;98;15;80;76;90,25.5,24.0,24.0,23.3,24.0,24.0,24.0,24.0,24.0
9,156,65;104;23;68;53;89;57;112;55,25.5,24.667,25.0,25.7,25.0,25.0,25.0,24.8,24.5
9,157,54;68;26;94;39;82;50;123;84,25.7,24.667,25.0,23.7,25.0,25.0,24.9,24.6,24.5
9,158,75;37;99;84;20;57;61;19;43,25.8,24.222,24.0,23.8,24.0,24.0,24.0,24.0,23.5
9,159,62;65;126;41;23;122;7;51;80,25.5,23.556,24.0,23.0,24.0,24.0,24.0,24.0,23.5
9,160,51;37;26;55;24;48;73;30;89,25.5,24.778,25.0,24.5,25.0,25.0,25.0,25.0,25.0
9,161,67;78;119;33;81;20;46;112;7,25.5,23.889,24.0,22.1,24.0,24.0,24.0,23.9,23.5
9,162,33;14;112;65;110;23;99;116;54,25.5,24.111,24.0,24.4,24.0,24.0,24.0,24.0,23.5
9,163,43;15;54;81;20;23;18;82;57,25.7,23.556,24.0,24.0,24.0,24.0,23.7,23.1,22.5
9,164,126;122;53;7;65;94;81;99;103,25.5,24.0,24.0,24.0,24.0,24.0,24.0,24.1,24.5
9,165,51;113;46;20;12;89;57;41;61,25.7,24.667,25.0,24.7,25.0,25.0,25.0,24.7,24.5
9,166,84;89;37;78;53;30;33;54;108,25.5,24.222,25.0,23.6,25.0,25.0,25.0,24.3,23.0
9,167,87;48;61;30;33;97;68;18;53,25.5,24.556,25.0,25.8,25.0,24.8,24.2,23.5,23.0
9,168,30;78;113;7;15;84;90;19;73,25.6,23.889,24.0,23.2,24.0,24.0,24.0,24.0,23.5
9,169,76;50;126;48;75;80;84;51;103,25.6,24.222,24.0,24.0,24.0,24.0,24.0,24.0,24.0
9,170,99;123;53;126;50;68;58;24;57,25.7,24.0,24.0,25.8,24.0,24.0,24.0,24.0,24.5
9,171,46;55;87;54;61;104;83;82;110,25.3,24.889,25.0,24.3,25.0,25.0,25.0,25.0,24.5
9,172,113;62;26;7;81;33;83;44;116,25.7,23.667,24.0,23.9,24.0,24.0,24.0,23.8,23.5
9,173,89;55;23;82;40;90;76;30;43,25.6,24.889,25.0,25.1,25.0,25.0,25.0,25.0,24.5
9,174,68;39;57;18;54;113;14;23;71,25.5,23.778,24.0,23.7,24.0,24.0,23.5,23.1,22.5
9,175,104;68;61;67;19;94;57;108;14,25.6,24.556,25.0,25.8,25.0,24.9,24.5,24.2,24.0
9,176,78;94;126;55;104;33;73;119;48,25.3,25.333,25.0,25.1,25.0,25.0,25.0,25.3,25.5
9,177,44;89;83;90;37;112;81;51;34,25.8,23.0,23.0,23.0,23.0,23.0,23.0,23.0,23.0
9,178,73;30;40;37;67;39;20;110;54,25.4,23.667,24.0,22.7,24.0,24.0,24.0,23.6,22.5
9,179,62;14;18;57;82;97;37;123;99,25.7,23.556,24.0,22.0,24.0,24.0,23.7,23.0,22.0
9,180,94;75;30;87;97;46;126;99;18,25.5,24.667,25.0,25.8,25.0,24.7,24.2,23.8,23.5
9,181,110;108;75;94;72;98;112;84;104,25.4,24.444,25.0,23.4,25.0,25.0,24.7,24.5,24.5
9,182,26;37;23;113;99;78;61;108;53,25.5,24.556,24.0,25.6,24.0,24.0,24.1,24.4,24.5
9,183,18;57;84;62;15;20;75;48;94,25.6,24.111,25.0,25.2,25.0,24.2,24.0,23.7,23.5
9,184,81;41;78;76;24;71;48;30;84,25.5,23.889,25.0,24.0,25.0,24.5,24.1,23.9,24.0
9,185,97;46;99;112;40;123;14;58;34,25.6,24.111,24.0,25.4,24.0,24.0,24.0,24.0,25.0
9,186,14;104;15;82;90;116;76;94;18,25.6,24.333,25.0,25.3,25.0,24.3,24.0,23.7,23.5
9,187,116;61;84;68;87;26;12;89;58,25.7,24.333,25.0,23.8,25.0,25.0,24.5,24.2,23.5
9,188,122;19;55;84;97;34;39;30;62,25.6,24.0,25.0,23.2,25.0,24.7,24.2,24.0,23.5
9,189,75;30;46;94;110;33;44;84;55,25.4,24.444,25.0,24.0,25.0,25.0,24.9,24.5,24.5
9,190,126;7;33;57;62;20;44;104;110,25.4,23.889,24.0,24.0,24.0,24.0,24.0,24.0,23.5
9,191,7;82;122;68;75;110;76;15;58,25.7,24.111,24.0,23.4,24.0,24.0,24.0,24.0,24.0
9,192,55;87;34;46;116;68;123;97;90,25.7,24.889,25.0,24.9,25.0,25.0,25.0,25.0,25.0
9,193,50;73;18;39;123;98;30;61;82,25.7,23.889,24.0,23.4,24.0,24.0,24.0,23.3,22.5
9,194,73;94;26;57;113;53;19;23;65,25.7,24.444,24.0,25.5,24.0,24.0,24.0,24.5,25.5
9,195,104;81;57;44;67;84;94;53;54,25.6,23.111,23.0,23.0,23.0,23.0,23.1,23.6,24.0
9,196,43;76;81;67;126;83;50;104;53,25.7,23.556,24.0,23.0,24.0,24.0,23.7,23.5,23.0
9,197,110;15;37;30;97;19;76;72;40,25.4,24.333,24.0,23.2,24.0,24.0,24.0,24.1,24.0
9,198,61;82;34;104;40;90;15;84;123,25.6,24.0,24.0,23.8,24.0,24.0,24.0,24.0,23.5
9,199,57;80;41;50;73;55;67;71;116,25.7,23.111,23.0,23.0,23.0,23.0,23.0,23.0,23.0
9,200,12;119;62;40;72;81;89;94;46,25.4,24.778,25.0,25.3,25.0,25.0,25.0,24.7,24.5
9,201,54;98;67;12;72;81;61;99;20,25.7,23.778,24.0,23.0,24.0,24.0,24.0,23.8,23.0
9,202,97;12;62;119;34;110;48;98;44,25.5,23.889,24.0,24.0,24.0,24.0,24.0,24.0,24.0
9,203,43;98;68;26;110;24;116;18;83,25.7,23.667,24.0,23.1,24.0,24.0,23.8,23.2,22.5
9,204,108;26;12;116;72;14;18;82;78,25.7,23.889,25.0,22.0,25.0,24.0,24.0,23.2,22.0
9,205,18;51;113;65;46;99;83;84;80,25.8,23.333,24.0,24.0,24.0,23.7,23.4,23.2,23.0
9,206,58;43;116;123;41;39;94;12;19,25.8,24.556,24.0,25.0,24.0,24.0,24.4,24.7,25.0
9,207,94;99;40;43;67;116;15;89;20,25.6,24.556,25.0,26.8,25.0,24.9,24.4,24.2,24.0
9,208,67;30;112;84;68;51;19;123;116,25.8,23.667,24.0,23.0,24.0,24.0,24.0,23.7,23.0
9,209,33;103;71;84;98;53;62;19;26,25.5,23.778,24.0,23.8,24.0,24.0,24.0,24.0,23.0
9,210,40;94;73;44;80;39;48;119;30,25.3,24.333,24.0,25.0,24.0,24.0,24.2,24.4,24.5
9,211,30;78;75;108;104;12;112;44;65,25.6,24.444,25.0,23.0,25.0,25.0,25.0,24.5,23.5
9,212,37;14;43;68;41;20;94;98;116,25.6,24.778,25.0,25.0,25.0,25.0,25.0,25.0,25.0
9,213,123;12;84;15;75;51;20;76;87,25.7,24.222,24.0,23.3,24.0,24.0,24.0,24.0,23.5
9,214,83;108;58;72;75;110;122;71;39,25.6,23.556,23.0,23.8,23.0,23.0,23.2,23.4,23.5
9,215,94;65;82;103;55;73;89;68;37,25.6,25.222,25.0,25.2,25.0,25.0,25.0,25.0,25.5
9,216,18;98;23;54;61;15;48;83;84,25.5,23.556,24.0,24.0,24.0,24.0,23.8,23.3,23.0
9,217,65;26;94;57;72;12;73;84;23,25.6,24.111,24.0,25.3,24.0,24.0,24.0,24.1,24.5
9,218,30;75;48;46;80;57;34;113;81,25.6,24.333,25.0,24.0,25.0,25.0,24.5,24.3,24.0
9,219,90;84;89;78;72;126;113;58;55,25.6,24.222,25.0,23.9,25.0,24.9,24.4,24.1,23.5
9,220,81;48;41;15;26;57;94;82;54,25.6,24.333,24.0,24.0,24.0,24.0,24.2,24.4,24.5
9,221,116;89;53;103;7;76;80;12;43,25.5,24.444,25.0,24.8,25.0,25.0,24.8,24.5,24.0
9,222,89;41;33;76;50;20;83;24;39,25.7,24.333,25.0,23.6,25.0,25.0,25.0,24.6,24.0
9,223,67;44;82;15;126;72;94;61;104,25.4,24.333,25.0,23.0,25.0,24.7,24.3,24.1,24.0
9,224,72;34;108;51;33;119;58;30;24,25.6,24.333,25.0,22.1,25.0,25.0,24.8,24.5,24.0
9,225,94;23;41;73;33;26;34;55;90,25.7,24.222,24.0,25.0,24.0,24.0,24.0,24.3,25.0
9,226,41;119;24;73;104;51;80;126;37,25.4,23.778,24.0,23.4,24.0,24.0,24.0,24.0,24.0
9,227,48;51;89;104;112;76;26;65;116,25.7,25.111,25.0,26.1,25.0,25.0,25.0,25.0,25.5
9,228,122;24;126;41;89;80;83;123;82,25.7,23.444,24.0,24.7,24.0,24.0,23.8,23.6,23.5
9,229,108;41;43;104;19;26;89;76;122,25.9,24.444,25.0,23.9,25.0,25.0,24.7,24.4,24.0
9,230,81;51;24;54;7;122;39;57;84,25.6,23.333,24.0,24.0,24.0,24.0,23.6,23.4,23.0
9,231,20;97;122;116;123;84;73;68;99,26.0,23.889,24.0,23.6,24.0,24.0,24.0,24.0,23.5
9,232,68;76;108;98;34;30;19;81;12,25.9,24.222,24.0,23.0,24.0,24.0,24.0,24.0,23.5
9,233,37;19;68;78;58;98;72;97;90,25.7,24.333,24.0,25.9,24.0,24.0,24.0,24.1,24.5
9,234,20;71;68;58;15;73;37;80;75,25.6,23.889,24.0,24.1,24.0,24.0,24.0,24.0,24.0
9,235,90;73;34;76;80;20;78;40;51,25.7,23.889,24.0,24.2,24.0,24.0,24.0,24.0,24.0
9,236,24;33;113;61;89;43;119;12;46,25.5,25.333,25.0,25.2,25.0,25.0,25.0,25.1,25.5
9,237,103;99;98;94;12;19;26;78;97,25.7,24.778,24.0,25.2,24.0,24.0,24.6,25.0,26.0
9,238,72;24;94;30;80;20;57;68;15,25.4,24.778,25.0,25.0,25.0,25.0,25.0,25.0,25.0
9,239,37;24;30;97;89;43;112;55;53,25.4,24.778,25.0,25.5,25.0,25.0,25.0,25.0,24.5
9,240,122;103;18;62;51;108;78;65;40,25.6,23.778,25.0,22.0,25.0,24.0,24.0,23.2,22.0
9,241,122;30;75;61;89;68;19;103;113,25.7,24.889,25.0,23.1,25.0,25.0,25.0,25.0,24.0
9,242,37;61;126;97;90;30;18;80;67,25.5,23.111,24.0,22.0,24.0,23.5,23.0,22.9,22.5
9,243,112;26;89;68;39;119;83;71;72,25.5,24.222,24.0,23.9,24.0,24.0,24.0,24.0,24.0
9,244,41;82;126;112;51;58;113;73;14,25.7,23.778,24.0,24.5,24.0,24.0,24.0,24.0,24.0
9,245,68;18;43;80;40;84;122;89;82,25.8,23.333,24.0,24.0,24.0,23.7,23.3,23.0,22.5
9,246,50;41;20;81;76;15;89;113;65,25.8,24.222,25.0,23.0,25.0,24.9,24.4,24.1,23.5
9,247,75;7;71;94;119;62;81;78;24,25.3,24.444,25.0,22.1,25.0,25.0,24.7,24.5,24.5
9,248,40;62;89;24;14;83;119;72;61,25.3,24.333,25.0,24.3,25.0,25.0,24.7,24.4,24.0
9,249,33;122;43;87;75;30;71;12;104,25.6,24.556,25.0,23.7,25.0,25.0,25.0,24.9,24.0
9,250,54;55;110;12;24;123;65;97;83,25.6,24.222,25.0,25.0,25.0,25.0,24.5,24.2,24.0
9,251,65;87;116;51;103;37;108;84;104,25.6,24.444,25.0,23.5,25.0,25.0,25.0,24.5,23.5
9,252,73;103;61;108;78;97;68;26;58,25.7,24.667,25.0,24.2,25.0,25.0,25.0,25.0,24.5
9,253,46;103;50;98;39;15;68;97;89,25.6,25.0,25.0,26.7,25.0,25.0,25.0,25.0,25.5
9,254,97;122;116;54;87;15;113;37;61,25.5,24.667,25.0,23.5,25.0,25.0,25.0,25.0,24.0
9,255,89;67;48;90;30;68;54;76;78,25.6,24.667,25.0,25.5,25.0,25.0,25.0,24.2,23.5
9,256,43;39;108;67;51;81;33;73;110,25.7,23.444,24.0,23.0,24.0,24.0,23.6,23.3,23.0
9,257,126;46;90;119;80;15;26;81;76,25.5,23.889,24.0,24.0,24.0,24.0,24.0,24.0,24.0
9,258,82;113;43;110;15;97;72;37;26,25.6,24.556,25.0,24.2,25.0,25.0,24.9,24.6,24.0
9,259,15;62;97;123;54;30;75;72;43,25.5,24.889,25.0,23.8,25.0,25.0,25.0,25.0,25.0
9,260,34;19;43;103;26;110;94;54;104,25.5,24.778,25.0,25.0,25.0,25.0,25.0,25.0,25.0
9,261,108;55;20;122;46;23;34;19;48,25.6,24.778,25.0,24.5,25.0,25.0,25.0,24.9,24.5
9,262,12;19;75;108;94;116;57;84;80,25.7,24.111,24.0,25.0,24.0,24.0,24.0,24.2,24.5
9,263,48;119;90;108;81;80;18;110;104,25.5,23.222,23.0,24.0,23.0,23.0,23.0,23.1,23.0
9,264,72;84;30;81;97;54;103;75;87,25.5,24.111,25.0,23.2,25.0,25.0,25.0,24.2,23.0
9,265,81;34;37;98;24;103;108;90;15,25.6,23.778,24.0,23.3,24.0,24.0,24.0,24.0,23.0
9,266,24;44;89;80;46;84;40;108;20,25.5,23.889,25.0,24.0,25.0,24.5,24.1,24.0,24.0
9,267,82;119;23;113;90;73;81;19;75,25.8,23.889,24.0,23.8,24.0,24.0,24.0,24.0,23.5
9,268,99;57;62;72;48;44;119;94;112,25.4,24.556,24.0,25.6,24.0,24.0,24.3,24.5,24.5
9,269,112;53;54;41;33;83;65;87;108,25.5,24.0,25.0,22.7,25.0,24.9,24.3,24.0,23.5
9,270,61;80;81;19;54;65;76;116;50,25.7,24.222,25.0,23.7,25.0,24.9,24.4,24.1,23.5
9,271,122;46;123;126;71;98;12;97;72,25.6,24.222,24.0,24.3,24.0,24.0,24.0,24.0,24.5
9,272,103;75;30;122;61;41;50;33;65,25.7,24.333,25.0,24.3,25.0,25.0,25.0,24.6,24.0
9,273,26;123;14;82;50;90;19;48;89,25.8,24.333,24.0,24.1,24.0,24.0,24.0,24.0,25.0
9,274,46;55;82;116;89;50;20;58;83,25.8,24.667,25.0,24.8,25.0,25.0,25.0,25.0,24.5
9,275,94;126;24;103;122;81;72;76;113,25.5,24.667,25.0,23.6,25.0,25.0,25.0,24.7,24.5
9,276,43;89;103;116;61;30;126;46;58,25.5,25.111,25.0,25.6,25.0,25.0,25.0,25.0,25.0
9,277,62;12;53;23;103;39;55;116;43,25.4,24.778,25.0,24.2,25.0,25.0,25.0,25.0,24.5
9,278,123;81;57;62;37;18;84;108;51,25.8,22.889,24.0,22.0,24.0,23.4,23.0,22.7,22.0
9,279,43;97;72;112;18;80;103;123;83,25.6,23.556,24.0,23.2,24.0,24.0,23.7,23.1,22.5
9,280,18;90;119;20;108;113;41;98;39,25.8,23.667,24.0,23.1,24.0,24.0,23.8,23.1,22.5
9,281,26;89;98;48;37;68;54;113;104,25.6,25.222,25.0,26.5,25.0,25.0,25.0,25.0,25.5
9,282,75;12;83;99;94;71;72;78;34,25.6,24.333,24.0,25.0,24.0,24.0,24.2,24.5,25.0
9,283,15;43;65;48;98;68;46;108;61,25.6,25.556,26.0,24.6,26.0,26.0,26.0,25.7,25.5
9,284,51;113;72;73;33;19;14;12;81,25.8,23.889,24.0,23.3,24.0,24.0,24.0,24.0,23.5
9,285,15;110;81;73;48;84;108;113;18,25.7,23.111,23.0,24.0,23.0,23.0,23.0,23.0,23.0
9,286,50;104;78;51;103;14;94;12;90,25.5,24.667,24.0,25.2,24.0,24.0,24.5,24.8,25.5
9,287,99;57;84;46;98;81;71;15;83,25.7,23.222,23.0,24.0,23.0,23.0,23.1,23.4,24.0
9,288,15;75;51;98;103;14;18;24;20,25.6,23.778,24.0,22.0,24.0,24.0,24.0,23.2,22.0
9,289,83;62;97;20;75;41;73;12;7,25.8,23.889,24.0,24.9,24.0,24.0,24.0,24.0,23.5
9,290,71;67;54;46;76;108;14;65;119,25.5,24.222,25.0,25.9,25.0,24.6,24.2,24.0,23.5
9,291,112;75;83;50;44;39;68;23;43,25.7,24.111,24.0,23.4,24.0,24.0,24.0,24.0,23.5
9,292,108;37;116;62;33;90;12;99;55,25.7,24.556,25.0,23.5,25.0,25.0,25.0,24.8,24.5
9,293,54;24;116;112;108;61;76;33;62,25.4,25.111,25.0,23.5,25.0,25.0,25.0,25.0,25.0
9,294,71;51;73;108;97;62;126;67;41,25.7,23.444,24.0,22.1,24.0,24.0,23.6,23.3,22.5
9,295,122;55;37;82;26;71;7;20;103,25.5,24.222,24.0,24.6,24.0,24.0,24.0,24.0,24.0
9,296,18;103;122;12;87;116;30;113;51,25.7,23.889,25.0,24.7,25.0,24.0,24.0,23.3,22.5
9,297,123;53;39;23;34;43;76;51;44,25.7,24.0,24.0,23.2,24.0,24.0,24.0,24.0,23.5
9,298,90;119;83;30;113;57;40;68;14,25.6,24.0,24.0,23.1,24.0,24.0,24.0,24.0,24.0
9,299,43;108;24;123;78;33;98;103;53,25.5,24.667,25.0,23.0,25.0,25.0,25.0,25.0,24.5
10,0,89;34;87;33;73;48;58;12;76;78,25.7,24.6,25.0,24.6,25.0,25.0,25.0,24.9,25.0
10,1,76;113;43;20;12;41;103;44;39;19,25.8,24.4,25.0,23.6,25.0,25.0,24.8,24.3,23.5
10,2,104;97;72;14;71;94;99;103;15;51,25.4,24.7,24.5,25.2,24.5,24.8,24.9,25.0,25.5
10,3,82;84;43;108;30;26;7;41;58;110,25.7,23.7,24.0,23.6,24.0,24.0,24.0,23.8,23.5
10,4,78;73;126;14;44;90;84;103;37;15,25.4,23.3,23.5,22.6,23.3,23.2,23.2,23.2,23.0
10,5,87;110;58;46;57;73;67;113;7;80,25.5,23.5,23.0,24.7,23.0,23.0,23.1,23.4,23.5
10,6,87;30;110;46;7;126;18;51;23;89,25.4,23.9,24.0,22.0,24.0,24.0,24.0,23.4,23.0
10,7,81;51;41;67;126;97;110;57;94;123,25.7,23.3,23.5,22.9,23.9,23.5,23.6,23.8,24.0
10,8,84;108;18;43;68;55;99;7;34;94,25.7,24.2,24.5,23.5,25.0,24.0,24.0,23.7,23.5
10,9,99;30;44;50;87;39;18;19;103;104,25.6,23.8,24.5,23.2,25.0,24.0,24.0,23.3,22.5
10,10,104;108;97;72;30;7;44;33;15;62,25.4,24.5,25.0,23.7,25.0,25.0,25.0,24.6,23.5
10,11,83;112;123;99;98;126;61;26;104;108,25.6,24.3,24.0,23.8,24.0,24.0,24.0,24.0,24.0
10,12,83;14;116;81;97;126;82;58;84;61,25.7,23.5,23.5,23.1,23.1,23.5,23.5,23.4,23.5
10,13,7;122;20;48;46;18;104;24;68;40,25.5,24.5,25.0,24.9,25.0,24.5,24.0,23.6,23.0
10,14,18;123;30;81;80;84;89;37;78;113,25.6,23.2,24.0,23.2,24.0,24.0,23.3,22.9,22.5
10,15,43;53;20;72;58;65;71;73;15;98,25.6,24.1,24.0,23.7,24.0,24.0,24.0,24.0,24.5
10,16,23;123;83;116;33;80;72;82;99;50,25.7,24.0,24.0,24.8,24.0,24.0,24.0,24.0,23.5
10,17,34;76;12;62;116;15;50;23;20;103,25.6,24.5,24.5,24.2,24.2,24.5,24.5,24.5,24.5
10,18,50;67;44;39;43;89;23;112;87;98,25.6,23.8,24.0,23.0,24.0,24.0,24.0,23.8,23.0
10,19,78;90;80;30;43;87;81;110;12;26,25.5,23.7,24.0,23.6,24.0,24.0,24.0,23.8,23.5
10,20,55;72;24;104;97;75;108;57;81;116,25.6,24.6,25.0,23.4,25.0,25.0,25.0,24.8,23.5
10,21,46;57;75;94;55;122;51;43;61;87,25.5,25.2,25.5,25.0,25.5,25.1,25.1,25.1,25.0
10,22,7;89;34;71;61;82;12;15;113;112,25.5,24.4,24.0,25.5,24.0,24.0,24.0,24.1,24.5
10,23,33;87;40;90;104;65;18;83;37;48,25.5,24.0,24.5,24.6,25.0,24.0,24.0,23.4,23.0
10,24,97;33;68;126;94;84;23;61;58;24,25.5,24.7,25.0,25.3,25.0,25.0,25.0,24.7,24.5
10,25,14;50;15;40;76;75;51;110;68;43,25.6,24.4,24.0,24.2,24.0,24.0,24.0,24.1,24.0
10,26,80;23;82;62;43;76;94;123;126;39,25.5,24.9,25.0,25.0,25.0,25.0,25.0,25.0,25.0
10,27,53;43;62;81;78;24;71;123;122;110,25.5,23.6,23.5,23.3,23.3,23.6,23.6,23.6,23.5
10,28,75;126;14;103;7;84;62;58;33;24,25.4,24.0,24.5,23.6,25.0,24.0,24.0,24.0,23.0
10,29,54;104;40;58;34;76;43;41;81;87,25.6,24.1,24.5,23.3,24.2,24.0,24.0,24.0,23.5
10,30,65;78;73;61;76;108;99;84;12;39,25.7,24.4,25.0,23.9,25.0,25.0,24.9,24.3,23.5
10,31,99;65;40;76;30;110;80;87;19;108,25.5,24.2,24.5,23.1,24.3,24.1,24.1,24.1,24.0
10,32,81;68;23;57;78;71;67;12;24;99,25.6,23.5,24.0,23.0,24.0,24.0,23.9,23.4,23.0
10,33,72;41;15;24;94;104;78;61;46;39,25.2,25.3,25.0,25.0,25.0,25.0,25.0,25.0,25.0
10,34,98;18;122;40;80;57;48;51;71;116,25.6,23.3,23.5,24.1,23.5,23.2,23.1,23.1,23.0
10,35,75;51;73;26;39;99;94;43;7;78,25.6,24.8,24.5,25.8,24.2,24.9,25.0,25.0,25.5
10,36,12;58;34;68;41;19;37;46;54;67,25.7,23.8,24.0,24.0,24.0,24.0,24.0,23.8,23.5
10,37,89;61;58;104;98;37;82;122;87;57,25.6,24.3,24.5,23.4,24.2,24.3,24.3,24.2,24.0
10,38,19;97;58;98;44;53;80;75;90;14,25.7,23.3,23.0,23.4,23.0,23.0,23.0,23.0,23.0
10,39,18;83;110;81;51;57;73;65;30;39,25.7,22.9,23.0,22.0,23.0,23.0,23.0,22.7,22.0
10,40,30;123;122;98;41;81;55;33;46;20,25.7,24.1,24.5,24.0,24.0,24.0,24.0,24.0,24.0
10,41,82;39;7;37;19;40;12;84;103;119,25.5,24.0,24.0,23.7,24.0,24.0,24.0,24.0,23.0
10,42,58;15;50;90;97;54;39;103;65;18,25.7,23.8,24.5,22.0,25.0,24.0,23.9,23.2,22.0
10,43,15;122;39;57;43;73;37;7;81;65,25.6,23.7,24.0,23.2,24.0,24.0,24.0,23.9,23.5
10,44,94;33;67;53;55;108;113;7;71;30,25.4,24.5,25.0,25.0,25.0,25.0,24.6,24.2,24.0
10,45,72;24;90;53;76;48;99;65;39;23,25.5,24.7,25.0,25.8,25.0,25.0,25.0,25.0,25.0
10,46,80;90;81;34;23;18;51;48;78;67,25.7,22.8,23.0,22.0,23.0,23.0,23.0,23.0,23.0
10,47,72;44;90;58;7;94;82;18;76;89,25.7,23.9,24.5,23.2,25.0,24.0,23.9,23.6,23.5
10,48,55;67;41;39;72;54;12;76;116;61,25.5,24.4,25.0,23.0,25.0,25.0,24.8,24.0,23.0
10,49,81;48;55;99;65;67;24;97;83;94,25.6,24.3,25.0,23.0,25.0,25.0,24.4,24.1,24.0
10,50,62;43;80;18;65;81;87;48;94;58,25.5,24.1,25.0,24.0,25.0,24.4,23.9,23.6,23.5
10,51,119;51;112;71;61;75;73;58;126;24,25.4,24.1,24.0,24.1,24.0,24.0,24.0,24.0,24.5
10,52,83;103;122;78;7;40;80;65;73;44,25.5,23.3,23.5,22.6,23.5,23.3,23.3,23.3,23.0
10,53,97;14;44;110;26;57;76;112;51;34,25.7,23.5,23.5,23.1,23.1,23.5,23.5,23.5,23.5
10,54,103;90;40;81;123;44;33;53;97;98,25.7,23.5,24.0,22.7,24.0,24.0,24.0,23.6,23.0
10,55,110;67;108;18;89;39;72;116;78;97,25.6,23.6,25.0,22.0,25.0,24.6,23.7,23.1,22.0
10,56,83;122;67;80;82;116;113;71;78;75,25.7,23.5,24.0,23.0,23.6,23.4,23.4,23.3,23.0
10,57,87;50;80;89;116;15;119;19;7;46,25.4,24.4,24.0,24.5,24.0,24.0,24.0,24.2,24.5
10,58,112;54;62;37;90;73;122;19;98;26,25.6,23.8,24.0,24.3,24.0,24.0,24.0,24.0,23.5
10,59,98;123;122;30;58;39;104;81;97;103,25.7,24.0,24.5,23.3,24.8,24.0,24.0,24.0,23.5
10,60,84;19;57;44;23;123;43;98;94;68,25.8,24.1,24.0,23.7,24.0,24.0,24.0,24.0,24.5
10,61,40;43;87;103;34;65;44;33;122;48,25.6,24.3,25.0,24.0,25.0,25.0,24.7,24.3,24.0
10,62,34;53;72;75;110;104;19;67;58;68,25.6,23.7,23.5,23.0,23.4,23.6,23.5,23.5,23.0
10,63,68;15;7;55;23;65;14;40;78;30,25.3,24.6,24.5,25.1,24.0,24.6,24.6,24.6,24.5
10,64,68;103;55;15;94;24;99;82;83;113,25.6,25.1,25.0,25.0,25.0,25.0,25.0,25.0,25.0
10,65,122;50;61;65;72;37;112;51;40;87,25.4,24.3,24.0,24.7,24.0,24.0,24.0,24.0,24.0
10,66,55;110;18;58;116;80;50;73;19;94,25.6,23.6,23.5,25.0,23.2,23.6,23.6,23.5,23.5
10,67,54;97;87;83;37;98;53;51;89;122,25.6,23.9,24.0,23.6,24.0,24.0,24.0,24.0,23.5
10,68,43;103;20;46;94;83;122;33;58;51,25.7,24.7,25.0,25.0,25.0,25.0,25.0,24.9,25.0
10,69,78;54;83;99;7;18;23;112;30;65,25.5,23.7,24.0,22.0,24.0,24.0,24.0,23.2,22.0
10,70,15;54;73;68;112;65;82;80;50;122,25.6,24.0,24.0,23.6,24.0,24.0,24.0,24.0,24.0
10,71,126;80;73;39;57;14;90;119;75;15,25.5,23.6,23.5,22.4,23.8,23.6,23.6,23.6,23.5
10,72,50;30;94;53;81;71;98;61;44;58,25.5,23.8,23.5,23.3,23.3,24.0,24.0,24.0,24.5
10,73,58;55;116;84;33;61;51;43;76;19,25.8,24.6,25.0,23.0,25.0,25.0,25.0,24.5,23.5
10,74,37;62;108;40;126;23;123;20;19;83,25.5,24.1,24.0,22.6,24.0,24.0,24.0,24.0,23.5
10,75,48;122;99;53;80;73;34;116;26;37,25.6,23.7,23.5,24.5,23.5,23.8,23.9,24.0,24.5
10,76,82;44;103;58;61;72;81;78;110;108,25.5,23.8,25.0,24.0,25.0,25.0,24.2,23.8,23.5
10,77,15;123;41;126;54;113;116;26;33;73,25.7,24.2,24.0,24.0,24.0,24.0,24.0,24.0,24.0
10,78,122;48;90;40;94;116;7;26;103;113,25.6,24.8,24.5,25.0,24.1,24.9,24.9,24.9,25.0
10,79,103;54;39;84;24;89;57;119;72;40,25.3,24.2,25.0,22.6,25.0,25.0,24.7,24.2,23.0
10,80,89;99;48;26;18;44;71;80;108;50,25.7,23.4,24.0,24.0,24.0,24.0,23.5,23.2,23.0
10,81,113;103;37;24;57;39;51;108;75;72,25.5,24.7,25.0,24.0,25.0,25.0,25.0,25.0,24.5
10,82,73;71;34;80;18;81;123;76;83;108,25.8,22.8,23.0,23.7,23.0,23.0,23.0,22.8,22.5
10,83,18;122;90;81;34;87;19;54;84;80,25.7,22.5,22.5,22.0,22.8,22.4,22.4,22.4,22.0
10,84,58;71;33;24;99;98;61;15;76;62,25.5,24.5,24.5,23.3,24.8,24.5,24.5,24.5,24.5
10,85,73;62;33;46;75;112;24;72;94;103,25.3,25.2,25.0,25.1,25.0,25.0,25.0,25.0,25.5
10,86,30;50;12;89;20;14;15;94;51;90,25.6,24.5,24.0,25.9,24.0,24.0,24.1,24.6,25.5
10,87,126;72;40;116;84;34;99;51;65;104,25.6,24.1,24.0,23.3,24.0,24.0,24.0,24.0,23.5
10,88,30;18;24;37;73;67;54;126;82;87,25.4,23.5,24.5,22.0,25.0,24.0,23.7,23.0,22.0
10,89,46;34;58;104;23;110;71;116;73;76,25.5,24.2,23.5,24.7,23.6,24.0,24.0,24.1,24.5
10,90,34;40;72;37;55;116;61;68;97;14,25.4,24.7,25.0,24.8,25.0,25.0,25.0,25.0,24.5
10,91,57;75;12;90;89;97;113;98;23;122,25.9,24.1,24.0,23.4,24.0,24.0,24.0,24.0,24.0
10,92,122;76;48;82;112;30;81;7;23;26,25.6,24.2,24.0,24.0,24.0,24.0,24.0,24.0,24.0
10,93,7;26;57;116;90;75;58;67;40;71,25.7,23.4,23.5,22.6,23.1,23.3,23.2,23.1,22.5
10,94,116;33;126;108;12;65;113;68;51;37,25.8,24.8,25.0,25.9,25.0,25.0,25.0,25.0,25.0
10,95,119;113;73;76;57;51;40;24;99;71,25.6,24.2,24.0,25.5,24.0,24.0,24.0,24.0,24.5
10,96,108;116;53;24;68;55;81;33;89;30,25.6,24.6,25.0,23.0,25.0,25.0,25.0,24.8,23.5
10,97,51;81;73;87;68;84;98;112;116;83,25.8,23.5,24.0,23.2,24.0,24.0,24.0,23.6,23.5
10,98,80;104;26;54;50;83;97;122;72;37,25.6,23.9,24.0,24.0,24.0,24.0,24.0,24.0,24.0
10,99,89;24;87;46;48;122;84;110;30;40,25.3,24.3,25.0,24.0,25.0,25.0,24.7,24.3,24.0
10,100,58;61;51;46;82;73;65;84;62;112,25.6,24.3,24.5,24.0,25.0,24.2,24.2,24.2,24.0
10,101,41;50;62;108;112;72;33;97;94;20,25.6,24.8,25.0,25.0,25.0,25.0,25.0,25.0,25.0
10,102,123;67;53;94;122;18;33;83;89;72,25.7,23.3,23.5,22.0,23.1,23.3,23.4,23.4,23.5
10,103,61;19;81;43;103;98;76;123;34;68,25.8,24.5,24.5,23.2,24.0,24.4,24.3,24.2,23.5
10,104,44;83;24;73;41;62;14;97;71;23,25.5,23.3,23.0,22.7,23.0,23.0,23.0,23.0,23.0
10,105,83;30;55;113;90;94;76;104;37;78,25.5,25.1,25.5,25.0,25.3,25.0,25.0,25.0,25.0
10,106,15;113;97;18;61;46;68;53;58;65,25.6,24.4,25.0,24.9,25.0,24.5,24.0,23.5,23.0
10,107,123;43;7;72;113;15;53;55;24;99,25.4,24.7,24.5,23.3,24.6,24.7,24.7,24.7,24.5
10,108,24;84;122;61;51;50;71;112;43;19,25.6,23.9,24.0,23.4,24.0,24.0,24.0,24.0,23.5
10,109,40;34;84;20;98;51;62;75;82;44,25.7,23.7,24.0,23.1,24.0,24.0,24.0,23.9,23.0
10,110,61;76;39;33;12;37;99;58;18;94,25.6,24.4,24.5,25.5,25.0,24.0,24.0,23.7,23.5
10,111,41;24;75;44;12;67;104;14;61;110,25.5,23.4,23.5,23.0,23.5,23.3,23.3,23.3,23.0
10,112,7;41;23;20;112;14;103;34;72;116,25.4,24.0,24.0,25.0,24.0,24.0,24.0,24.0,23.5
10,113,75;46;71;26;126;7;110;73;12;62,25.4,24.1,24.0,25.0,24.0,24.0,24.0,24.0,24.5
10,114,37;43;122;97;41;75;50;119;82;84,25.8,23.8,24.0,23.0,24.0,24.0,24.0,24.0,23.5
10,115,73;82;40;20;30;80;33;103;98;81,25.6,23.9,24.5,22.2,24.2,24.0,24.0,24.0,23.0
10,116,62;119;12;122;103;72;23;104;34;30,25.4,24.3,24.5,23.6,24.4,24.3,24.2,24.2,24.0
10,117,81;41;23;72;62;26;108;39;20;122,25.6,23.8,24.5,22.1,25.0,24.0,24.0,24.0,23.0
10,118,55;65;89;37;39;18;20;78;62;54,25.4,24.4,25.0,24.6,25.0,24.9,24.3,23.5,22.5
10,119,82;55;43;67;78;98;108;58;65;94,25.7,24.7,25.0,25.6,25.0,25.0,25.0,24.3,24.0
10,120,24;14;126;87;112;90;78;76;62;119,25.3,24.4,24.5,24.8,24.8,24.4,24.4,24.4,24.5
10,121,108;122;87;80;51;65;104;19;83;53,25.6,23.8,24.0,23.0,24.0,24.0,24.0,24.0,24.0
10,122,75;57;24;104;18;58;65;126;20;89,25.7,24.0,25.0,24.5,25.0,24.4,24.0,23.3,22.5
10,123,34;57;44;94;97;15;23;81;62;7,25.5,23.8,24.0,23.7,24.0,24.0,24.0,24.0,24.5
10,124,116;44;76;71;24;87;65;20;99;53,25.6,24.2,25.0,23.8,25.0,25.0,24.7,24.2,23.5
10,125,113;71;104;41;116;78;84;62;33;97,25.6,24.3,25.0,23.6,25.0,25.0,25.0,24.4,23.5
10,126,90;122;7;94;71;72;67;24;126;50,25.5,23.8,24.0,22.4,24.0,24.0,24.0,24.0,24.0
10,127,123;33;116;61;12;68;112;20;82;37,25.7,24.8,25.0,24.6,25.0,25.0,25.0,25.0,25.0
10,128,76;65;104;34;84;7;112;39;26;87,25.5,24.3,24.5,23.3,24.6,24.2,24.1,24.0,23.5
10,129,20;123;26;7;126;110;82;119;57;78,25.5,24.0,24.0,23.3,24.0,24.0,24.0,24.0,23.5
10,130,90;15;62;14;123;51;46;44;84;75,25.6,23.7,24.0,24.0,24.0,24.0,24.0,23.9,24.0
10,131,87;57;19;30;73;76;62;12;122;39,25.6,24.2,24.5,23.7,24.0,24.2,24.2,24.1,24.0
10,132,24;53;73;72;94;81;84;76;55;18,25.5,23.7,24.0,23.2,25.0,23.6,23.6,23.5,23.5
10,133,80;19;53;72;83;41;44;103;58;75,25.6,23.2,23.0,22.3,23.0,23.0,23.0,23.0,23.0
10,134,50;15;110;37;123;112;122;126;84;34,25.5,23.2,24.0,21.5,24.0,24.0,23.9,23.4,22.5
10,135,78;76;80;119;97;7;62;81;54;48,25.4,24.4,25.0,24.0,25.0,25.0,24.8,24.4,24.0
10,136,72;81;82;73;126;58;40;44;67;23,25.6,23.0,23.5,22.5,24.0,23.0,23.0,23.0,22.5
10,137,103;119;75;122;46;116;7;15;37;26,25.4,24.4,24.0,24.5,24.0,24.0,24.0,24.2,24.5
10,138,14;15;44;108;43;126;54;40;113;71,25.4,24.1,24.0,23.1,24.0,24.0,24.0,24.0,23.5
10,139,61;53;68;40;62;108;57;39;72;34,25.4,24.5,25.0,25.9,25.0,25.0,25.0,24.8,24.5
10,140,44;58;15;54;43;18;82;72;98;39,25.6,23.7,24.5,23.9,25.0,24.0,23.9,23.2,22.5
10,141,62;119;71;90;58;67;23;15;87;80,25.4,23.3,23.5,22.5,23.6,23.2,23.1,23.0,22.5
10,142,103;76;72;55;87;46;104;97;122;108,25.5,25.2,25.0,24.1,25.0,25.0,25.0,25.0,24.5
10,143,43;44;94;112;123;18;90;12;61;116,25.7,24.0,24.0,23.0,24.0,24.0,24.0,23.6,23.5
10,144,110;50;84;65;75;116;68;43;15;54,25.7,24.3,25.0,23.4,25.0,25.0,24.7,24.2,23.5
10,145,80;50;24;58;98;84;14;37;34;119,25.5,23.3,23.5,23.1,23.6,23.3,23.2,23.2,23.0
10,146,41;116;126;44;40;73;82;53;14;80,25.5,23.2,23.0,22.0,23.0,23.0,23.0,23.0,23.0
10,147,89;58;104;113;30;97;90;18;103;12,25.8,24.1,25.0,25.2,25.0,24.4,24.0,23.3,22.5
10,148,116;50;26;80;119;48;94;110;87;43,25.4,24.7,24.5,25.0,24.3,24.7,24.8,24.8,25.0
10,149,94;23;119;39;30;122;51;53;103;33,25.4,24.5,24.5,25.0,24.8,24.6,24.6,24.7,25.0
10,150,99;46;81;48;30;53;23;57;41;94,25.5,24.4,24.0,24.0,24.0,24.0,24.1,24.4,24.5
10,151,87;126;75;34;99;33;122;81;73;26,25.8,23.6,24.0,23.8,24.0,24.0,24.0,23.8,23.0
10,152,83;126;12;55;82;50;104;73;30;89,25.7,24.4,24.5,23.4,24.2,24.4,24.4,24.3,24.0
10,153,103;108;80;98;82;24;90;71;97;65,25.6,24.2,25.0,24.9,25.0,25.0,24.9,24.4,23.5
10,154,19;43;72;94;14;30;44;81;116;113,25.6,24.4,25.0,23.8,25.0,25.0,24.7,24.4,24.5
10,155,51;62;87;43;116;34;123;104;71;113,25.6,24.7,25.0,24.2,25.0,25.0,25.0,25.0,24.5
10,156,103;104;30;33;48;51;72;58;26;84,25.5,24.5,25.0,24.0,25.0,25.0,24.9,24.5,24.0
10,157,24;72;65;76;15;50;41;26;39;97,25.6,24.5,25.0,23.7,25.0,25.0,25.0,24.7,24.0
10,158,24;71;40;104;19;94;112;80;33;7,25.2,24.5,24.0,25.0,24.0,24.0,24.1,24.5,25.0
10,159,98;12;23;41;75;65;108;80;24;90,25.7,23.9,24.0,24.9,24.0,24.0,24.0,24.0,23.5
10,160,126;89;46;72;73;87;15;53;54;39,25.2,24.6,25.0,25.7,25.0,25.0,25.0,25.0,25.0
10,161,12;98;20;113;23;39;37;87;30;112,25.4,24.6,24.5,24.5,24.3,24.6,24.6,24.6,25.0
10,162,37;116;89;43;18;19;26;50;30;24,25.7,24.1,24.5,25.3,25.0,24.0,24.0,23.5,22.5
10,163,24;80;46;103;104;78;67;65;108;119,25.4,24.4,25.0,24.7,25.0,25.0,24.8,24.1,23.5
10,164,39;82;83;46;15;98;119;116;122;68,25.6,24.4,24.5,24.1,24.1,24.4,24.4,24.4,24.5
10,165,62;94;122;55;26;73;14;41;97;53,25.5,24.1,23.5,25.0,24.0,24.0,24.0,24.3,25.0
10,166,30;104;80;75;61;82;23;94;71;68,25.4,25.0,25.0,25.0,25.0,25.0,25.0,25.0,25.0
10,167,81;33;58;82;87;62;12;72;18;30,25.6,23.7,25.0,22.0,25.0,24.2,23.9,23.1,22.0
10,168,34;55;67;82;50;58;41;113;89;103,25.8,23.9,24.5,23.0,24.9,24.0,24.0,23.7,23.0
10,169,94;116;122;98;97;41;72;39;103;37,25.5,24.5,25.0,25.0,25.0,25.0,25.0,24.8,25.0
10,170,19;50;61;7;98;80;94;83;75;122,25.6,24.1,24.0,25.0,24.0,24.0,24.0,24.1,25.0
10,171,82;55;65;119;61;37;51;26;23;68,25.6,24.8,24.5,26.1,24.1,24.8,24.8,24.8,25.0
10,172,84;7;67;119;116;68;113;104;43;34,25.7,24.1,24.5,23.0,24.3,24.0,24.0,23.9,23.0
10,173,103;40;15;26;18;61;89;119;23;122,25.5,23.7,24.0,23.0,24.0,24.0,24.0,23.3,22.5
10,174,57;51;71;68;108;65;78;61;97;99,25.7,24.6,25.0,24.7,25.0,25.0,25.0,24.9,24.5
10,175,75;33;94;68;108;72;119;46;71;89,25.5,25.3,25.0,26.0,25.0,25.0,25.0,25.0,25.5
10,176,81;73;94;41;108;98;67;37;58;51,25.8,23.4,23.5,22.1,23.6,23.6,23.7,23.8,24.0
10,177,50;126;26;90;80;39;98;97;73;40,25.6,23.8,24.0,23.6,24.0,24.0,24.0,24.0,23.5
10,178,40;7;84;98;50;123;48;73;24;57,25.6,23.9,24.0,24.0,24.0,24.0,24.0,24.0,24.0
10,179,18;12;126;51;71;41;112;94;26;80,25.5,23.4,24.0,21.2,24.0,24.0,23.7,23.5,23.5
10,180,104;65;24;39;54;78;73;71;72;48,25.3,24.9,25.0,24.0,25.0,25.0,25.0,25.0,25.0
10,181,99;53;12;24;20;126;26;23;75;80,25.5,24.0,24.0,22.2,24.0,24.0,24.0,24.0,23.5
10,182,90;55;80;34;110;15;103;68;75;57,25.5,23.9,23.5,25.0,23.3,23.9,23.9,23.9,24.0
10,183,53;19;37;72;23;82;61;87;76;15,25.4,24.6,24.5,23.3,24.5,24.6,24.6,24.6,24.5
10,184,30;78;62;20;40;110;58;75;65;54,25.4,24.4,25.0,24.3,25.0,25.0,25.0,24.9,23.5
10,185,24;55;72;26;122;40;23;54;113;80,25.3,24.3,24.5,24.9,24.1,24.2,24.2,24.2,24.0
10,186,26;89;110;90;82;62;75;108;43;99,25.8,24.4,25.0,24.5,25.0,25.0,25.0,24.6,24.0
10,187,55;84;123;15;75;30;14;57;50;78,25.6,24.0,24.0,23.5,24.0,24.0,24.0,24.0,23.5
10,188,104;20;26;18;62;54;51;81;24;71,25.5,23.7,24.5,22.0,25.0,24.0,23.9,23.2,22.5
10,189,84;65;58;57;72;76;44;97;116;37,25.8,23.8,24.5,24.0,24.3,24.0,24.0,23.8,23.5
10,190,53;123;81;104;50;110;73;12;26;33,25.7,23.6,24.0,23.3,24.0,24.0,24.0,23.8,23.5
10,191,94;97;55;67;119;33;80;7;68;18,25.5,23.9,24.5,25.0,25.0,24.0,24.0,23.6,23.5
10,192,90;97;123;71;41;50;116;82;55;112,25.7,24.1,24.0,24.5,24.0,24.0,24.0,24.0,24.0
10,193,110;19;67;116;82;48;61;108;50;119,25.6,24.2,24.5,24.4,24.1,24.0,24.0,24.0,23.5
10,194,62;61;50;53;81;54;58;30;23;18,25.5,23.5,24.0,23.0,24.0,24.0,23.5,23.0,22.5
10,195,51;57;7;37;48;99;103;110;84;82,25.6,23.9,24.0,24.0,24.0,24.0,24.0,24.0,24.0
10,196,30;97;108;24;103;65;15;89;39;23,25.4,24.8,25.0,25.8,25.0,25.0,25.0,25.0,24.5
10,197,90;41;84;75;65;61;54;37;119;53,25.5,23.8,24.0,24.0,24.0,24.0,24.0,23.9,23.5
10,198,57;72;71;53;90;122;14;97;81;103,25.6,23.3,23.0,22.8,23.0,23.0,23.0,23.0,23.0
10,199,30;43;34;68;15;55;90;57;108;18,25.7,24.0,24.5,25.1,25.0,24.0,23.8,23.3,22.5
10,200,112;61;54;108;98;57;67;99;78;73,25.6,23.9,24.0,23.0,24.0,24.0,24.0,23.8,23.0
10,201,76;72;81;61;40;89;98;75;39;97,25.6,24.6,25.0,23.1,25.0,25.0,25.0,24.6,23.5
10,202,99;80;48;76;7;54;71;110;14;26,25.4,24.0,24.0,24.8,24.0,24.0,24.0,24.0,24.5
10,203,116;34;61;80;104;73;103;55;112;48,25.3,24.7,25.0,25.0,25.0,25.0,25.0,24.8,24.5
10,204,37;122;113;54;104;68;81;80;34;126,25.6,23.9,24.0,23.7,24.0,24.0,24.0,24.0,23.5
10,205,50;99;26;97;43;72;76;81;53;113,25.8,24.4,24.5,24.0,24.3,24.3,24.2,24.1,23.5
10,206,14;122;68;58;61;72;126;33;116;46,25.5,24.6,25.0,25.0,25.0,25.0,25.0,24.8,24.5
10,207,57;43;71;67;110;39;58;99;81;12,25.7,23.1,23.0,23.0,23.0,23.0,23.0,23.0,23.0
10,208,41;94;73;76;80;97;40;75;112;39,25.5,24.4,24.5,25.0,25.0,24.5,24.5,24.6,25.0
10,209,103;113;75;83;71;104;15;112;34;76,25.5,24.4,24.5,23.6,24.3,24.4,24.4,24.3,24.0
10,210,15;68;113;44;72;90;65;34;67;14,25.7,23.6,23.5,23.0,23.2,23.5,23.4,23.4,23.0
10,211,108;83;34;46;87;65;68;53;12;80,25.6,24.2,24.5,25.0,25.0,24.2,24.2,24.2,24.5
10,212,33;90;12;30;34;26;43;83;122;41,25.9,23.6,23.5,24.1,24.0,23.6,23.6,23.7,24.0
10,213,71;58;82;7;50;123;99;20;48;65,25.7,24.4,24.0,25.3,24.0,24.0,24.0,24.2,25.0
10,214,123;44;122;65;112;20;110;53;15;23,25.5,23.4,24.0,23.1,24.0,24.0,24.0,23.6,23.0
10,215,119;26;123;72;97;43;78;89;12;23,25.6,24.6,24.5,25.0,24.9,24.6,24.6,24.6,25.0
10,216,54;68;98;19;126;99;7;84;48;112,25.5,24.3,24.0,24.0,24.0,24.0,24.0,24.0,24.0
10,217,40;126;87;48;122;94;97;81;19;83,25.6,24.2,24.0,24.0,24.0,24.0,24.0,24.2,24.5
10,218,116;72;44;55;34;81;23;119;53;110,25.4,23.4,23.5,23.5,23.5,23.4,23.4,23.4,23.5
10,219,54;122;80;43;61;123;126;58;48;14,25.5,24.2,24.0,24.1,24.0,24.0,24.0,24.1,24.5
10,220,50;14;48;75;65;67;33;126;81;110,25.6,23.6,24.0,22.6,24.0,24.0,24.0,23.6,23.5
10,221,75;122;43;48;116;61;24;72;71;82,25.5,24.9,25.0,24.5,25.0,25.0,25.0,25.0,24.5
10,222,62;83;98;68;19;40;71;112;97;14,25.5,24.0,24.0,23.3,24.0,24.0,24.0,24.0,24.0
10,223,20;112;19;113;44;103;15;123;51;108,25.7,24.2,24.0,23.6,24.0,24.0,24.0,24.0,23.5
10,224,73;67;97;116;20;57;43;119;83;98,25.8,23.7,24.0,23.0,24.0,24.0,24.0,23.6,23.0
10,225,58;61;30;90;89;75;123;76;80;57,25.7,24.2,24.5,24.3,24.3,24.2,24.2,24.2,24.0
10,226,30;51;84;68;78;40;73;83;108;43,25.7,24.1,24.5,23.5,24.7,24.0,24.0,24.0,23.5
10,227,113;54;83;53;19;84;55;103;7;112,25.5,24.0,24.0,23.9,24.0,24.0,24.0,24.0,23.5
10,228,80;71;18;57;89;98;72;82;97;104,25.6,23.7,24.5,23.1,25.0,24.0,23.6,23.1,22.5
10,229,71;122;55;26;61;104;87;73;50;23,25.5,24.3,24.0,23.5,24.0,24.0,24.0,24.0,24.0
10,230,83;51;18;73;46;20;58;65;40;89,25.8,23.7,24.0,24.8,24.0,24.0,23.7,23.3,23.0
10,231,20;48;110;18;126;14;78;116;104;84,25.4,23.7,24.5,24.0,25.0,24.0,23.7,23.3,23.0
10,232,48;84;67;55;97;72;123;126;14;94,25.5,24.3,24.5,25.5,24.2,24.2,24.1,24.1,24.0
10,233,48;81;50;90;58;103;18;72;7;62,25.6,23.6,24.0,22.0,24.0,24.0,23.6,23.2,23.0
10,234,30;57;37;39;108;94;34;82;73;78,25.5,24.6,25.0,25.5,25.0,25.0,25.0,25.0,25.5
10,235,58;82;50;110;104;72;97;116;76;94,25.6,24.9,25.0,25.0,25.0,25.0,25.0,25.0,25.0
10,236,99;122;30;126;108;67;61;46;112;39,25.5,24.2,24.5,24.1,24.0,24.0,24.0,24.0,23.5
10,237,33;20;54;112;97;110;39;43;122;51,25.6,24.3,25.0,23.7,25.0,25.0,24.9,24.4,24.0
10,238,37;98;57;48;23;55;61;58;46;53,25.4,24.7,24.0,24.7,24.0,24.0,24.1,24.6,25.0
10,239,40;89;80;67;34;41;33;112;78;30,25.5,23.5,24.0,22.3,24.0,24.0,23.9,23.4,22.5
10,240,80;73;15;72;71;89;81;119;48;103,25.4,23.9,24.0,24.0,24.0,24.0,24.0,24.0,24.0
10,241,57;104;72;82;14;84;81;89;39;12,25.6,23.8,24.5,23.4,24.4,24.0,24.0,23.8,23.5
10,242,53;122;83;39;44;54;19;65;104;7,25.5,23.7,24.0,23.9,24.0,24.0,24.0,23.8,23.5
10,243,99;67;33;12;14;65;50;7;41;40,25.7,23.5,24.0,22.9,24.0,24.0,24.0,23.6,22.5
10,244,7;40;104;12;78;41;58;24;110;67,25.4,23.5,24.0,23.0,24.0,24.0,23.9,23.5,23.0
10,245,39;119;72;23;14;7;83;51;40;48,25.3,24.2,24.0,24.3,24.0,24.0,24.0,24.0,24.5
10,246,97;62;94;83;48;78;76;19;14;51,25.6,24.9,25.0,25.0,25.0,25.0,25.0,25.0,25.0
10,247,75;80;14;81;97;103;89;94;108;71,25.5,24.2,25.0,23.6,25.0,25.0,24.8,24.5,24.5
10,248,78;19;112;67;7;113;90;33;34;53,25.6,23.7,24.0,23.0,24.0,24.0,24.0,23.6,23.0
10,249,55;89;110;40;104;73;78;108;34;54,25.4,24.4,25.0,25.0,25.0,25.0,25.0,24.6,24.0
10,250,104;44;41;76;46;54;34;78;83;81,25.6,23.8,24.0,24.0,25.0,23.8,23.8,23.8,24.0
10,251,123;112;104;19;71;58;15;122;67;43,25.6,23.6,24.0,23.0,24.0,24.0,24.0,23.6,23.0
10,252,78;126;51;116;84;97;37;46;119;57,25.5,24.2,24.0,24.0,24.0,24.0,24.0,24.0,24.0
10,253,84;20;26;67;126;98;46;89;7;78,25.6,23.9,24.0,22.2,24.0,24.0,24.0,24.0,23.5
10,254,68;99;61;122;81;7;75;18;84;58,25.8,23.1,23.5,23.4,23.4,23.0,23.0,23.0,22.5
10,255,94;37;83;68;65;81;54;112;30;104,25.5,24.6,25.0,23.1,25.0,25.0,25.0,24.6,24.5
10,256,82;123;110;72;40;112;113;104;84;126,25.5,24.1,24.0,23.0,24.0,24.0,24.0,24.0,23.5
10,257,112;54;19;122;50;108;94;40;55;126,25.5,24.6,24.0,25.0,24.0,24.0,24.1,24.6,25.0
10,258,50;81;44;123;39;73;33;57;98;14,25.8,23.3,23.5,23.2,23.3,23.2,23.2,23.2,23.0
10,259,94;57;103;30;39;83;73;112;24;23,25.4,24.4,24.5,25.0,25.0,24.5,24.6,24.7,25.0
10,260,15;65;44;57;110;76;89;20;84;50,25.7,23.6,24.0,23.1,24.0,24.0,24.0,23.7,23.5
10,261,76;30;89;33;123;110;19;34;41;37,25.7,24.0,24.0,24.3,24.0,24.0,24.0,24.0,24.0
10,262,26;23;20;71;57;123;122;126;80;75,25.6,23.6,24.0,24.2,24.0,24.0,24.0,23.9,23.5
10,263,62;76;50;18;46;126;37;54;71;30,25.4,24.2,24.5,25.6,25.0,24.0,24.0,23.5,23.0
10,264,12;103;46;33;58;43;87;108;97;30,25.6,25.0,25.0,25.4,25.0,25.0,25.0,25.0,25.0
10,265,40;81;80;7;30;123;51;97;41;90,25.7,23.4,24.0,22.8,24.0,24.0,24.0,23.6,23.0
10,266,112;39;12;40;75;87;20;72;14;76,25.4,24.6,25.0,25.0,25.0,25.0,25.0,25.0,24.5
10,267,71;50;54;15;76;119;122;123;108;126,25.6,24.1,24.0,23.5,24.0,24.0,24.0,24.0,24.0
10,268,75;7;20;98;40;104;126;108;103;43,25.5,24.8,25.0,23.2,25.0,25.0,25.0,25.0,25.0
10,269,112;68;12;30;34;103;72;48;89;78,25.4,24.9,25.0,25.6,25.0,25.0,25.0,25.0,25.0
10,270,46;34;94;57;82;110;50;75;112;68,25.6,24.7,24.5,25.0,24.7,24.8,24.8,24.8,25.0
10,271,57;33;71;99;103;80;53;44;89;58,25.6,23.4,23.0,22.2,23.0,23.0,23.0,23.1,23.0
10,272,18;110;46;20;122;99;44;78;53;30,25.5,23.3,23.5,22.0,23.5,23.2,23.1,23.1,23.0
10,273,39;67;94;78;41;123;62;108;7;126,25.5,24.2,24.5,22.9,25.0,24.1,24.1,24.0,24.0
10,274,98;83;72;41;119;37;20;46;48;73,25.5,24.3,24.0,24.4,24.0,24.0,24.0,24.2,24.5
10,275,76;20;112;94;62;19;104;72;82;116,25.5,25.3,25.0,26.2,25.0,25.0,25.0,25.0,26.0
10,276,71;72;40;122;58;104;55;126;76;26,25.5,24.3,24.0,24.1,24.0,24.0,24.0,24.0,24.0
10,277,72;87;123;98;113;62;39;73;55;15,25.4,24.7,25.0,24.2,25.0,25.0,25.0,25.0,24.5
10,278,75;34;46;44;80;90;78;19;126;87,25.5,23.9,24.0,24.0,24.0,24.0,24.0,24.0,24.0
10,279,108;126;61;51;97;110;26;54;98;18,25.6,23.8,24.0,23.9,24.0,24.0,24.0,23.3,22.5
10,280,55;54;57;108;50;80;119;48;113;62,25.5,24.7,25.0,24.2,25.0,25.0,25.0,24.9,24.5
10,281,103;83;18;58;89;78;65;20;34;44,25.8,23.3,24.0,22.0,25.0,23.0,23.0,23.0,22.0
10,282,50;54;53;87;20;99;103;72;40;98,25.4,24.4,24.5,24.4,24.6,24.4,24.4,24.4,24.0
10,283,110;119;75;24;20;97;68;51;15;61,25.5,24.6,25.0,24.8,25.0,25.0,25.0,24.8,24.0
10,284,110;72;94;113;34;20;23;37;87;116,25.4,24.7,25.0,25.0,25.0,25.0,25.0,25.0,25.0
10,285,54;84;110;71;78;43;76;15;113;48,25.4,24.5,25.0,24.0,25.0,25.0,24.9,24.4,24.0
10,286,48;54;119;112;24;104;58;87;97;43,25.4,25.0,25.0,24.0,25.0,25.0,25.0,25.0,25.0
10,287,46;97;65;54;51;62;53;14;75;26,25.5,24.6,25.0,24.1,25.0,25.0,25.0,25.0,25.0
10,288,24;99;43;110;119;97;72;76;81;15,25.5,24.2,24.5,23.0,24.8,24.1,24.0,24.0,23.5
10,289,46;43;87;61;123;18;41;67;83;90,25.7,23.4,23.5,24.5,23.4,23.3,23.2,23.1,23.0
10,290,33;39;78;15;23;7;57;34;30;99,25.4,24.2,24.0,25.8,24.0,24.0,24.0,24.0,24.0
10,291,108;26;30;46;83;84;51;94;40;76,25.6,24.6,24.5,25.0,25.0,24.6,24.6,24.5,24.5
10,292,50;40;53;84;33;48;24;103;44;72,25.4,24.0,24.5,24.0,24.8,24.0,24.0,24.0,24.0
10,293,73;72;110;50;75;54;89;26;48;80,25.5,24.2,24.5,24.0,24.0,24.2,24.2,24.2,24.5
10,294,67;53;54;110;19;26;58;87;55;23,25.4,23.6,24.0,23.0,24.0,24.0,24.0,23.5,23.0
10,295,103;71;68;75;89;104;34;44;73;50,25.7,24.1,24.5,23.6,24.3,24.0,24.0,24.0,23.5
10,296,87;98;53;18;50;72;12;39;76;65,25.6,24.0,24.5,25.7,25.0,24.0,24.0,23.4,22.5
10,297,73;15;65;112;7;24;68;123;53;82,25.5,24.3,24.0,25.8,24.0,24.0,24.0,24.0,24.5
10,298,82;40;71;126;26;58;12;75;62;78,25.5,24.2,24.0,24.9,24.0,24.0,24.0,24.0,24.0
10,299,90;97;58;81;113;73;7;15;40;67,25.7,23.3,23.5,23.0,23.4,23.2,23.2,23.1,23.0
